rank	sample	Weighted UniFrac error	Unweighted UniFrac error	L1 norm error	Completeness (recall)	Purity (precision)	F1 score	True positives	False positives	False negatives	Taxon counts	Jaccard index	Shannon diversity	Shannon equitability	Bray-Curtis distance
superkingdom	CAMI_MED_S001	8.867268896388975	9514.883619059729	0.7121284954420477	1.0	1.0	1.0	3.0	0.0	0.0	3.0	1.0	0.08285667158046857	0.07541939266027956	0.35606424772102385
phylum	CAMI_MED_S001	8.867268896388975	9514.883619059729	0.32152684896451367	1.0	0.13953488372093023	0.24489795918367346	6.0	37.0	0.0	43.0	0.13953488372093023	1.141699725107198	0.30354665797851854	0.16076342448225683
class	CAMI_MED_S001	8.867268896388975	9514.883619059729	0.490306229091881	1.0	0.2542372881355932	0.4054054054054054	15.0	44.0	0.0	59.0	0.2542372881355932	1.7330684267838568	0.4250282065156993	0.24515311454594052
order	CAMI_MED_S001	8.867268896388975	9514.883619059729	0.7290213736194278	1.0	0.20863309352517986	0.34523809523809523	29.0	110.0	0.0	139.0	0.20863309352517986	2.2499360398823125	0.45596269640334974	0.3645106868097138
family	CAMI_MED_S001	8.867268896388975	9514.883619059729	1.0985932284148667	0.9433962264150944	0.1510574018126888	0.26041666666666663	50.0	281.0	3.0	331.0	0.1497005988023952	2.7019815825074747	0.4656888066906909	0.5492966142074335
genus	CAMI_MED_S001	8.867268896388975	9514.883619059729	1.2463327529331591	0.7323943661971831	0.03770848440899202	0.07172413793103448	52.0	1327.0	19.0	1379.0	0.03719599427753934	3.0456768303493327	0.42130707605881984	0.6231663764665817
species	CAMI_MED_S001	8.867268896388975	9514.883619059729	na	0.0	0.0	na	0.0	0.0	72.0	0.0	0.0	na	na	na
strain	CAMI_MED_S001	8.867268896388975	9514.883619059729	na	0.0	0.0	na	0.0	0.0	232.0	0.0	0.0	na	na	na
