rank	sample	Weighted UniFrac error	Unweighted UniFrac error	L1 norm error	Completeness (recall)	Purity (precision)	F1 score	True positives	False positives	False negatives	Taxon counts	Jaccard index	Shannon diversity	Shannon equitability	Bray-Curtis distance
superkingdom	CAMI_MED_S001	10.923179320832848	2616.5665556069816	0.7136751563447469	0.6666666666666666	1.0	0.8	2.0	0.0	1.0	2.0	0.6666666666666666	0.009348759067761149	0.013487408345524738	0.35683757817237344
phylum	CAMI_MED_S001	10.923179320832848	2616.5665556069816	0.10203776308522818	0.6666666666666666	1.0	0.8	4.0	0.0	2.0	4.0	0.6666666666666666	0.8956053916242923	0.6460427285448923	0.05101888154261408
class	CAMI_MED_S001	10.923179320832848	2616.5665556069816	0.1967394770998329	0.4666666666666667	1.0	0.6363636363636364	7.0	0.0	8.0	7.0	0.4666666666666667	1.4154647414990191	0.7274049843391737	0.09836973854991644
order	CAMI_MED_S001	10.923179320832848	2616.5665556069816	0.47125153120329505	0.41379310344827586	1.0	0.5853658536585366	12.0	0.0	17.0	12.0	0.41379310344827586	1.754737502433363	0.7061583188982444	0.23562576560164752
family	CAMI_MED_S001	10.923179320832848	2616.5665556069816	1.1686374098933452	0.37735849056603776	0.9090909090909091	0.5333333333333334	20.0	2.0	33.0	22.0	0.36363636363636365	1.9918597602593116	0.6443974129488973	0.5843187049466727
genus	CAMI_MED_S001	10.923179320832848	2616.5665556069816	1.2704230561158725	0.323943661971831	0.6571428571428571	0.4339622641509434	23.0	12.0	48.0	35.0	0.27710843373493976	2.5234408758352345	0.709759166245487	0.6352115280579361
species	CAMI_MED_S001	10.923179320832848	2616.5665556069816	1.7701032627004338	0.2222222222222222	0.27586206896551724	0.24615384615384614	16.0	42.0	56.0	58.0	0.14035087719298245	2.847290466090579	0.7012265555002619	0.8850516313502171
strain	CAMI_MED_S001	10.923179320832848	2616.5665556069816	2.0000000000000004	0.0	0.0	na	0.0	27.0	232.0	27.0	0.0	2.1102401010817324	0.6402744392018584	1.0
