rank	sample	Weighted UniFrac error	Unweighted UniFrac error	L1 norm error	Completeness (recall)	Purity (precision)	F1 score	True positives	False positives	False negatives	Taxon counts	Jaccard index	Shannon diversity	Shannon equitability	Bray-Curtis distance
superkingdom	CAMI_MED_S001	10.609550336970344	3092.474433407531	0.7134586056538527	0.6666666666666666	1.0	0.8	2.0	0.0	1.0	2.0	0.6666666666666666	0.09811012192408088	0.14154298636088306	0.35672930282692633
phylum	CAMI_MED_S001	10.609550336970344	3092.474433407531	0.23327575849615573	1.0	0.3157894736842105	0.4799999999999999	6.0	13.0	0.0	19.0	0.3157894736842105	1.2276145049146978	0.41692645478502355	0.11663787924807786
class	CAMI_MED_S001	10.609550336970344	3092.474433407531	0.2551060796099281	1.0	0.6	0.7499999999999999	15.0	10.0	0.0	25.0	0.6	1.6702572605484882	0.5188945928403057	0.12755303980496405
order	CAMI_MED_S001	10.609550336970344	3092.474433407531	0.39710596426425954	0.6896551724137931	0.425531914893617	0.5263157894736842	20.0	27.0	9.0	47.0	0.35714285714285715	2.4873213047069367	0.6460327140710613	0.19855298213212977
family	CAMI_MED_S001	10.609550336970344	3092.474433407531	0.9578586755595064	0.660377358490566	0.39325842696629215	0.4929577464788733	35.0	54.0	18.0	89.0	0.32710280373831774	3.6464391647210452	0.8123712558472735	0.4789293377797533
genus	CAMI_MED_S001	10.609550336970344	3092.474433407531	1.4762041261693684	0.323943661971831	0.17692307692307693	0.2288557213930348	23.0	107.0	48.0	130.0	0.12921348314606743	4.018395848155604	0.8255505716614904	0.7381020630846836
species	CAMI_MED_S001	10.609550336970344	3092.474433407531	1.8459543655649893	0.08333333333333333	0.03076923076923077	0.0449438202247191	6.0	189.0	66.0	195.0	0.022988505747126436	4.468604021771672	0.8474501035211208	0.9229771827824951
strain	CAMI_MED_S001	10.609550336970344	3092.474433407531	2.0000000000000013	0.0	0.0	na	0.0	157.0	232.0	157.0	0.0	4.3397255380145054	0.8582900644237086	1.0
