rank	sample	Weighted UniFrac error	Unweighted UniFrac error	L1 norm error	Completeness (recall)	Purity (precision)	F1 score	True positives	False positives	False negatives	Taxon counts	Jaccard index	Shannon diversity	Shannon equitability	Bray-Curtis distance
superkingdom	CAMI_MED_S001	10.103722118759865	12374.702531092058	0.7134586056538523	0.6666666666666666	1.0	0.8	2.0	0.0	1.0	2.0	0.6666666666666666	0.013970468203907028	0.020155125196673614	0.3567293028269262
phylum	CAMI_MED_S001	10.103722118759865	12374.702531092058	0.12957745658205488	1.0	0.2857142857142857	0.4444444444444445	6.0	15.0	0.0	21.0	0.2857142857142857	0.9166270684872081	0.30107417082221494	0.06478872829102743
class	CAMI_MED_S001	10.103722118759865	12374.702531092058	0.13810527922297425	1.0	0.3488372093023256	0.5172413793103449	15.0	28.0	0.0	43.0	0.3488372093023256	1.4854186158670677	0.39493208821013703	0.06905263961148714
order	CAMI_MED_S001	10.103722118759865	12374.702531092058	0.18689251538963306	1.0	0.30526315789473685	0.46774193548387094	29.0	66.0	0.0	95.0	0.30526315789473685	2.2081550626562	0.48489564281569864	0.09344625769481654
family	CAMI_MED_S001	10.103722118759865	12374.702531092058	0.5050638711709157	0.9433962264150944	0.24154589371980675	0.3846153846153846	50.0	157.0	3.0	207.0	0.23809523809523808	3.340935587332228	0.6264976116031955	0.2525319355854579
genus	CAMI_MED_S001	10.103722118759865	12374.702531092058	1.3803708666245555	0.5070422535211268	0.06716417910447761	0.11861614497528832	36.0	500.0	35.0	536.0	0.06304728546409807	4.103821293519035	0.6530448250041424	0.6901854333122764
species	CAMI_MED_S001	10.103722118759865	12374.702531092058	1.8733026642845614	0.1527777777777778	0.009228187919463088	0.01740506329113924	11.0	1181.0	61.0	1192.0	0.008778930566640064	4.691351324363912	0.6623033250871172	0.9366513321422791
strain	CAMI_MED_S001	10.103722118759865	12374.702531092058	na	0.0	0.0	na	0.0	0.0	232.0	0.0	0.0	na	na	na
