rank	sample	Weighted UniFrac error	Unweighted UniFrac error	L1 norm error	Completeness (recall)	Purity (precision)	F1 score	True positives	False positives	False negatives	Taxon counts	Jaccard index	Shannon diversity	Shannon equitability	Bray-Curtis distance
superkingdom	CAMI_MED_S001	9.768873093197554	2762.3207487077802	0.7132254594662775	1.0	1.0	1.0	3.0	0.0	0.0	3.0	1.0	0.011832225425056325	0.010770155720177671	0.35661272973313873
phylum	CAMI_MED_S001	9.768873093197554	2762.3207487077802	0.12250140773594408	0.8333333333333334	1.0	0.9090909090909091	5.0	0.0	1.0	5.0	0.8333333333333334	0.9200886985780077	0.5716832513200049	0.06125070386797204
class	CAMI_MED_S001	9.768873093197554	2762.3207487077802	0.21038361761896027	0.8	0.9230769230769231	0.8571428571428571	12.0	1.0	3.0	13.0	0.75	1.5259004681112216	0.5949047156320332	0.10519180880948013
order	CAMI_MED_S001	9.768873093197554	2762.3207487077802	0.6412940046871667	0.6551724137931034	0.7916666666666666	0.7169811320754716	19.0	5.0	10.0	24.0	0.5588235294117647	2.162747870553403	0.6805258771581654	0.3206470023435834
family	CAMI_MED_S001	9.768873093197554	2762.3207487077802	0.48443166602301174	0.6981132075471698	0.9487179487179487	0.8043478260869565	37.0	2.0	16.0	39.0	0.6727272727272727	2.8314780219819027	0.7728757683041052	0.24221583301150587
genus	CAMI_MED_S001	9.768873093197554	2762.3207487077802	0.903850512914812	0.676056338028169	0.7868852459016393	0.7272727272727273	48.0	13.0	23.0	61.0	0.5714285714285714	3.106304364304061	0.755631154576603	0.4519252564574059
species	CAMI_MED_S001	9.768873093197554	2762.3207487077802	1.6714477837262323	0.5138888888888888	0.14015151515151514	0.22023809523809523	37.0	227.0	35.0	264.0	0.12374581939799331	3.4770194860074484	0.6235744662815316	0.8357238918631166
strain	CAMI_MED_S001	9.768873093197554	2762.3207487077802	1.9666680666638667	0.04741379310344827	0.041666666666666664	0.044354838709677415	11.0	253.0	221.0	264.0	0.02268041237113402	3.47701948600745	0.6235744662815318	0.9833340333319335
