rank	sample	Weighted UniFrac error	Unweighted UniFrac error	L1 norm error	Completeness (recall)	Purity (precision)	F1 score	True positives	False positives	False negatives	Taxon counts	Jaccard index	Shannon diversity	Shannon equitability	Bray-Curtis distance
superkingdom	CAMI_MED_S001	9.788241815597239	20370.91517974993	0.7137568870013982	1.0	0.75	0.8571428571428571	3.0	1.0	0.0	4.0	0.75	0.012107361119536628	0.008733614922703671	0.3568784435006991
phylum	CAMI_MED_S001	9.788241815597239	20370.91517974993	0.1852591806105504	1.0	0.3333333333333333	0.5	6.0	12.0	0.0	18.0	0.3333333333333333	0.8950367497112268	0.3096614638812772	0.09262959030527519
class	CAMI_MED_S001	9.788241815597239	20370.91517974993	0.264178283197264	1.0	0.40540540540540543	0.5769230769230769	15.0	22.0	0.0	37.0	0.40540540540540543	1.4748816937029607	0.4084506292813856	0.13208914159863203
order	CAMI_MED_S001	9.788241815597239	20370.91517974993	0.6646601564370742	0.9655172413793104	0.37333333333333335	0.5384615384615384	28.0	47.0	1.0	75.0	0.3684210526315789	2.1727093143155143	0.5032345792692688	0.33233007821853744
family	CAMI_MED_S001	9.788241815597239	20370.91517974993	0.5434872345941721	0.9811320754716981	0.3586206896551724	0.5252525252525252	52.0	93.0	1.0	145.0	0.3561643835616438	2.8989156540835985	0.5824936201376185	0.27174361729708607
genus	CAMI_MED_S001	9.788241815597239	20370.91517974993	0.9641886571268059	0.9014084507042254	0.14678899082568808	0.252465483234714	64.0	372.0	7.0	436.0	0.14446952595936793	3.4814536853313034	0.5728296510281061	0.4820943285634035
species	CAMI_MED_S001	9.788241815597239	20370.91517974993	1.6917639543014962	0.7222222222222222	0.023722627737226276	0.04593639575971731	52.0	2140.0	20.0	2192.0	0.023508137432188065	4.840036414879281	0.6291833075693922	0.8458819771507515
strain	CAMI_MED_S001	9.788241815597239	20370.91517974993	1.9663542482650354	0.0603448275862069	0.006386861313868613	0.011551155115511552	14.0	2178.0	218.0	2192.0	0.005809128630705394	4.840036414879275	0.6291833075693916	0.9831771241325205
