rank	sample	Weighted UniFrac error	Unweighted UniFrac error	L1 norm error	Completeness (recall)	Purity (precision)	F1 score	True positives	False positives	False negatives	Taxon counts	Jaccard index	Shannon diversity	Shannon equitability	Bray-Curtis distance
superkingdom	CAMI_MED_S001	11.125596816721272	2545.2369392803416	0.5836613667146807	1.0	1.0	1.0	3.0	0.0	0.0	3.0	1.0	0.2769181886229228	0.2520617978510339	0.2918306833573404
phylum	CAMI_MED_S001	11.125596816721272	2545.2369392803416	0.3220484087562926	0.8333333333333334	1.0	0.9090909090909091	5.0	0.0	1.0	5.0	0.8333333333333334	0.8093914074618451	0.5029031571884177	0.1610242043781463
class	CAMI_MED_S001	11.125596816721272	2545.2369392803416	0.4790576742186971	0.7333333333333333	1.0	0.846153846153846	11.0	0.0	4.0	11.0	0.7333333333333333	1.4818696834691503	0.6179876578762307	0.23952883710934855
order	CAMI_MED_S001	11.125596816721272	2545.2369392803416	0.6645631313136559	0.5862068965517241	0.85	0.6938775510204082	17.0	3.0	12.0	20.0	0.53125	2.12576916801253	0.70959918106788	0.33228156565682804
family	CAMI_MED_S001	11.125596816721272	2545.2369392803416	1.2336568658638145	0.5094339622641509	0.9310344827586207	0.6585365853658537	27.0	2.0	26.0	29.0	0.4909090909090909	2.2421066508839473	0.6658478387665017	0.6168284329319074
genus	CAMI_MED_S001	11.125596816721272	2545.2369392803416	1.2953361605907003	0.39436619718309857	0.7777777777777778	0.5233644859813084	28.0	8.0	43.0	36.0	0.35443037974683544	2.4866361679208864	0.6939090348416592	0.6476680802953503
species	CAMI_MED_S001	11.125596816721272	2545.2369392803416	1.7734230637818187	0.2916666666666667	0.5833333333333334	0.38888888888888895	21.0	15.0	51.0	36.0	0.2413793103448276	2.4378745674729148	0.6803018511528297	0.8867115318909097
strain	CAMI_MED_S001	11.125596816721272	2545.2369392803416	2.0000000000000004	0.0	0.0	na	0.0	26.0	232.0	26.0	0.0	2.019217756576863	0.6197538142326062	1.0
