rank	sample	Weighted UniFrac error	Unweighted UniFrac error	L1 norm error	Completeness (recall)	Purity (precision)	F1 score	True positives	False positives	False negatives	Taxon counts	Jaccard index	Shannon diversity	Shannon equitability	Bray-Curtis distance
superkingdom	CAMI_MED_S001	9.788096202506068	2298.0952956231317	0.7160986582986892	0.3333333333333333	1.0	0.5	1.0	0.0	2.0	1.0	0.3333333333333333	0.0	0.0	0.3580493291493446
phylum	CAMI_MED_S001	9.788096202506068	2298.0952956231317	0.12365490694025297	0.6666666666666666	1.0	0.8	4.0	0.0	2.0	4.0	0.6666666666666666	0.9149741262053428	0.6600143172090803	0.061827453470126484
class	CAMI_MED_S001	9.788096202506068	2298.0952956231317	0.21098214759628525	0.6666666666666666	0.9090909090909091	0.7692307692307692	10.0	1.0	5.0	11.0	0.625	1.5185206586327897	0.6332723016967539	0.10549107379814267
order	CAMI_MED_S001	9.788096202506068	2298.0952956231317	0.6429908695298948	0.5862068965517241	0.7727272727272727	0.6666666666666667	17.0	5.0	12.0	22.0	0.5	2.156001895995462	0.697499930372369	0.3214954347649474
family	CAMI_MED_S001	9.788096202506068	2298.0952956231317	0.4866603559321	0.6226415094339622	0.9705882352941176	0.7586206896551724	33.0	1.0	20.0	34.0	0.6111111111111112	2.816417194061458	0.7986753408793958	0.24333017796605003
genus	CAMI_MED_S001	9.788096202506068	2298.0952956231317	0.9075659432481575	0.5774647887323944	0.8367346938775511	0.6833333333333335	41.0	8.0	30.0	49.0	0.5189873417721519	3.082300574875025	0.7919945780568025	0.45378297162407905
species	CAMI_MED_S001	9.788096202506068	2298.0952956231317	1.6755000614539244	0.4027777777777778	0.43283582089552236	0.41726618705035967	29.0	38.0	43.0	67.0	0.2636363636363636	3.370848889488612	0.8016873513995102	0.8377500307269623
strain	CAMI_MED_S001	9.788096202506068	2298.0952956231317	1.9692200615598765	0.03017241379310345	0.1044776119402985	0.046822742474916385	7.0	60.0	225.0	67.0	0.023972602739726026	3.3708488894886104	0.8016873513995098	0.9846100307799385
