rank	sample	Weighted UniFrac error	Unweighted UniFrac error	L1 norm error	Completeness (recall)	Purity (precision)	F1 score	True positives	False positives	False negatives	Taxon counts	Jaccard index	Shannon diversity	Shannon equitability	Bray-Curtis distance
superkingdom	CAMI_MED_S001	11.113832141066585	3287.5803456119447	0.7134586056538526	0.6666666666666666	1.0	0.8	2.0	0.0	1.0	2.0	0.6666666666666666	0.04925864076630262	0.07106519675447572	0.3567293028269263
phylum	CAMI_MED_S001	11.113832141066585	3287.5803456119447	0.24574003468442562	0.8333333333333334	1.0	0.9090909090909091	5.0	0.0	1.0	5.0	0.8333333333333334	0.934839275437084	0.5808483000274556	0.12287001734221281
class	CAMI_MED_S001	11.113832141066585	3287.5803456119447	0.3241338473622033	0.6666666666666666	1.0	0.8	10.0	0.0	5.0	10.0	0.6666666666666666	1.2553291680791763	0.5451825306689859	0.16206692368110165
order	CAMI_MED_S001	11.113832141066585	3287.5803456119447	0.5865923067162002	0.6896551724137931	0.9090909090909091	0.7843137254901961	20.0	2.0	9.0	22.0	0.6451612903225806	1.8084759620839217	0.5850699203820614	0.2932961533581001
family	CAMI_MED_S001	11.113832141066585	3287.5803456119447	1.3017799281739406	0.6792452830188679	0.631578947368421	0.6545454545454544	36.0	21.0	17.0	57.0	0.4864864864864865	2.0069676469244317	0.4963992573854646	0.6508899640869706
genus	CAMI_MED_S001	11.113832141066585	3287.5803456119447	1.4447111266525703	0.4225352112676056	0.2631578947368421	0.3243243243243243	30.0	84.0	41.0	114.0	0.1935483870967742	2.2803663182322094	0.4814760916543143	0.7223555633262853
species	CAMI_MED_S001	11.113832141066585	3287.5803456119447	1.8299598200396414	0.19444444444444445	0.0707070707070707	0.10370370370370371	14.0	184.0	58.0	198.0	0.0546875	2.4751962106138246	0.4680543165175122	0.9149799100198206
strain	CAMI_MED_S001	11.113832141066585	3287.5803456119447	na	0.0	0.0	na	0.0	0.0	232.0	0.0	0.0	na	na	na
