rank	sample	Weighted UniFrac error	Unweighted UniFrac error	L1 norm error	Completeness (recall)	Purity (precision)	F1 score	True positives	False positives	False negatives	Taxon counts	Jaccard index	Shannon diversity	Shannon equitability	Bray-Curtis distance
superkingdom	CAMI_MED_S001	9.997834570310141	10315.758267393294	0.7134586056538523	0.6666666666666666	0.6666666666666666	0.6666666666666666	2.0	1.0	1.0	3.0	0.5	0.19955049630883018	0.18163868943315115	0.35672930282692616
phylum	CAMI_MED_S001	9.997834570310141	10315.758267393294	0.30272826296498767	1.0	0.17142857142857143	0.2926829268292683	6.0	29.0	0.0	35.0	0.17142857142857143	1.6748292224784282	0.471073209573975	0.1513641314824938
class	CAMI_MED_S001	9.997834570310141	10315.758267393294	0.46550393458047906	0.9333333333333333	0.2857142857142857	0.43749999999999994	14.0	35.0	1.0	49.0	0.28	2.294436716713471	0.589553612695673	0.23275196729023953
order	CAMI_MED_S001	9.997834570310141	10315.758267393294	0.634558314250989	0.9310344827586207	0.26732673267326734	0.41538461538461535	27.0	74.0	2.0	101.0	0.2621359223300971	3.2622301041706474	0.70685696988113	0.31727915712549454
family	CAMI_MED_S001	9.997834570310141	10315.758267393294	1.0916929296397848	0.9056603773584906	0.24120603015075376	0.38095238095238093	48.0	151.0	5.0	199.0	0.23529411764705882	4.410267822497985	0.8331785091797604	0.5458464648198925
genus	CAMI_MED_S001	9.997834570310141	10315.758267393294	1.6503565703537975	0.5915492957746479	0.07850467289719626	0.13861386138613863	42.0	493.0	29.0	535.0	0.07446808510638298	5.4377447479019505	0.8655704966027868	0.8251782851768982
species	CAMI_MED_S001	9.997834570310141	10315.758267393294	1.9271099698073155	0.2222222222222222	0.018285714285714287	0.0337909186906019	16.0	859.0	56.0	875.0	0.017185821697099892	6.061580942788785	0.8948007985085942	0.963554984903658
strain	CAMI_MED_S001	9.997834570310141	10315.758267393294	na	0.0	0.0	na	0.0	0.0	232.0	0.0	0.0	na	na	na
