rank	sample	Weighted UniFrac error	Unweighted UniFrac error	L1 norm error	Completeness (recall)	Purity (precision)	F1 score	True positives	False positives	False negatives	Taxon counts	Jaccard index	Shannon diversity	Shannon equitability	Bray-Curtis distance
superkingdom	CAMI_MED_S001	8.970007695423522	4175.601586848087	0.7144478385256897	0.6666666666666666	1.0	0.8	2.0	0.0	1.0	2.0	0.6666666666666666	0.006685174316558374	0.00964466783397703	0.35722391926284486
phylum	CAMI_MED_S001	8.970007695423522	4175.601586848087	0.1901532421860922	1.0	0.1875	0.3157894736842105	6.0	26.0	0.0	32.0	0.1875	1.006647860653959	0.2904571752973902	0.09507662109304611
class	CAMI_MED_S001	8.970007695423522	4175.601586848087	0.20445589990903518	1.0	0.3125	0.47619047619047616	15.0	33.0	0.0	48.0	0.3125	1.6306919461183869	0.4212367018719986	0.10222794995451763
order	CAMI_MED_S001	8.970007695423522	4175.601586848087	0.4362593251591684	1.0	0.27884615384615385	0.4360902255639098	29.0	75.0	0.0	104.0	0.27884615384615385	2.4613911411223013	0.5299707097387838	0.21812966257958416
family	CAMI_MED_S001	8.970007695423522	4175.601586848087	1.0431125927079359	0.9056603773584906	0.22966507177033493	0.366412213740458	48.0	161.0	5.0	209.0	0.22429906542056074	3.5143513647115174	0.6578306783067729	0.521556296353968
genus	CAMI_MED_S001	8.970007695423522	4175.601586848087	1.5387316906072572	0.4084507042253521	0.059063136456211814	0.10320284697508897	29.0	462.0	42.0	491.0	0.054409005628517824	4.230278968389603	0.6826946037348153	0.7693658453036281
species	CAMI_MED_S001	8.970007695423522	4175.601586848087	na	0.0	0.0	na	0.0	0.0	72.0	0.0	0.0	na	na	na
strain	CAMI_MED_S001	8.970007695423522	4175.601586848087	na	0.0	0.0	na	0.0	0.0	232.0	0.0	0.0	na	na	na
