rank	sample	Weighted UniFrac error	Unweighted UniFrac error	L1 norm error	Completeness (recall)	Purity (precision)	F1 score	True positives	False positives	False negatives	Taxon counts	Jaccard index	Shannon diversity	Shannon equitability	Bray-Curtis distance
superkingdom	CAMI_MED_S001	11.06161394423546	8640.994830083566	0.7144114179354308	0.6666666666666666	1.0	0.8	2.0	0.0	1.0	2.0	0.6666666666666666	0.006814246061783516	0.009830879000732227	0.3572057089677155
phylum	CAMI_MED_S001	11.06161394423546	8640.994830083566	0.19100085088401234	1.0	0.2608695652173913	0.41379310344827586	6.0	17.0	0.0	23.0	0.2608695652173913	1.0005167335313734	0.3190937902064946	0.09550042544200617
class	CAMI_MED_S001	11.06161394423546	8640.994830083566	0.20455175624521324	1.0	0.4166666666666667	0.5882352941176471	15.0	21.0	0.0	36.0	0.4166666666666667	1.62158085582996	0.45251075372538335	0.10227587812260662
order	CAMI_MED_S001	11.06161394423546	8640.994830083566	0.4344426634094221	0.9655172413793104	0.35443037974683544	0.5185185185185186	28.0	51.0	1.0	79.0	0.35	2.432243246434052	0.5566477341206373	0.21722133170471106
family	CAMI_MED_S001	11.06161394423546	8640.994830083566	1.0246707302472442	0.8867924528301887	0.27976190476190477	0.42533936651583715	47.0	121.0	6.0	168.0	0.27011494252873564	3.4573324901054425	0.6747378599855197	0.512335365123622
genus	CAMI_MED_S001	11.06161394423546	8640.994830083566	1.5279568978413847	0.352112676056338	0.07598784194528875	0.125	25.0	304.0	46.0	329.0	0.06666666666666667	4.081788409851383	0.7042352898075215	0.7639784489206928
species	CAMI_MED_S001	11.06161394423546	8640.994830083566	1.846774774735199	0.09722222222222222	0.016666666666666666	0.028455284552845527	7.0	413.0	65.0	420.0	0.01443298969072165	4.15826468873645	0.6884253872560692	0.9233873873675985
strain	CAMI_MED_S001	11.06161394423546	8640.994830083566	1.9999999999999987	0.0	0.0	na	0.0	587.0	232.0	587.0	0.0	4.625949111057913	0.7256362511201412	1.0
