rank	sample	Weighted UniFrac error	Unweighted UniFrac error	L1 norm error	Completeness (recall)	Purity (precision)	F1 score	True positives	False positives	False negatives	Taxon counts	Jaccard index	Shannon diversity	Shannon equitability	Bray-Curtis distance
superkingdom	CAMI_MED_S001	10.286082617575106	6674.658167168188	0.7134586056538527	0.6666666666666666	1.0	0.8	2.0	0.0	1.0	2.0	0.6666666666666666	0.022861805055988584	0.03298261278004496	0.35672930282692633
phylum	CAMI_MED_S001	10.286082617575106	6674.658167168188	0.2013682003224166	1.0	0.3	0.4615384615384615	6.0	14.0	0.0	20.0	0.3	0.8939382039810069	0.2712325398146186	0.1006841001612083
class	CAMI_MED_S001	10.286082617575106	6674.658167168188	0.20237231916634257	0.9333333333333333	0.4117647058823529	0.5714285714285713	14.0	20.0	1.0	34.0	0.4	1.4371155650610796	0.3712324834106305	0.1011861595831713
order	CAMI_MED_S001	10.286082617575106	6674.658167168188	0.31693462756463897	0.9655172413793104	0.35443037974683544	0.5185185185185186	28.0	51.0	1.0	79.0	0.35	2.1272426324419187	0.45802402912192225	0.1584673137823196
family	CAMI_MED_S001	10.286082617575106	6674.658167168188	0.5448672458862659	0.8867924528301887	0.2781065088757396	0.42342342342342343	47.0	122.0	6.0	169.0	0.26857142857142857	3.1564646893335437	0.5842408247296976	0.27243362294313256
genus	CAMI_MED_S001	10.286082617575106	6674.658167168188	1.3015932384527757	0.4647887323943662	0.09510086455331412	0.15789473684210528	33.0	314.0	38.0	347.0	0.08571428571428572	3.910790022707859	0.6176717807913968	0.6507966192263875
species	CAMI_MED_S001	10.286082617575106	6674.658167168188	1.8718760440134539	0.1527777777777778	0.01971326164874552	0.03492063492063492	11.0	547.0	61.0	558.0	0.017770597738287562	4.281445984349531	0.6081892835118694	0.9359380220067205
strain	CAMI_MED_S001	10.286082617575106	6674.658167168188	na	0.0	0.0	na	0.0	0.0	232.0	0.0	0.0	na	na	na
