rank	sample	Weighted UniFrac error	Unweighted UniFrac error	L1 norm error	Completeness (recall)	Purity (precision)	F1 score	True positives	False positives	False negatives	Taxon counts	Jaccard index	Shannon diversity	Shannon equitability	Bray-Curtis distance
superkingdom	CAMI_HIGH_S001	7.426093292009999	12138.999531547519	0.011919875874808177	1.0	0.5	0.6666666666666666	2.0	2.0	0.0	4.0	0.5	0.07679183718661341	0.055393601344939924	0.005959937937404089
phylum	CAMI_HIGH_S001	7.426093292009999	12138.999531547519	0.18542039023945467	1.0	0.27906976744186046	0.43636363636363634	12.0	31.0	0.0	43.0	0.27906976744186046	1.2036680028895033	0.32002232422231747	0.09271019511972727
class	CAMI_HIGH_S001	7.426093292009999	12138.999531547519	0.3363860406879934	1.0	0.3559322033898305	0.525	21.0	38.0	0.0	59.0	0.3559322033898305	1.92431222924361	0.47192999591449086	0.16819302034399666
order	CAMI_HIGH_S001	7.426093292009999	12138.999531547519	0.39391925689160756	1.0	0.2857142857142857	0.4444444444444445	40.0	100.0	0.0	140.0	0.2857142857142857	2.3483605580467546	0.47521863324274377	0.19695962844580375
family	CAMI_HIGH_S001	7.426093292009999	12138.999531547519	0.814663842354535	0.9659090909090909	0.24355300859598855	0.3890160183066362	85.0	264.0	3.0	349.0	0.24147727272727273	3.2227843911753835	0.5504260979194104	0.4073319211772674
genus	CAMI_HIGH_S001	7.426093292009999	12138.999531547519	1.054381974012459	0.6907216494845361	0.09209621993127148	0.16252274105518497	134.0	1321.0	60.0	1455.0	0.08844884488448845	3.6388954828692834	0.4996587685807311	0.5271909870062285
species	CAMI_HIGH_S001	7.426093292009999	12138.999531547519	na	0.0	0.0	na	0.0	0.0	243.0	0.0	0.0	na	na	na
strain	CAMI_HIGH_S001	7.426093292009999	12138.999531547519	na	0.0	0.0	na	0.0	0.0	1074.0	0.0	0.0	na	na	na
