rank	sample	Weighted UniFrac error	Unweighted UniFrac error	L1 norm error	Completeness (recall)	Purity (precision)	F1 score	True positives	False positives	False negatives	Taxon counts	Jaccard index	Shannon diversity	Shannon equitability	Bray-Curtis distance
superkingdom	CAMI_HIGH_S001	9.987072380266529	10655.63778124476	0.016233029241168793	1.0	1.0	1.0	2.0	0.0	0.0	2.0	1.0	0.08535202699654627	0.12313694607773824	0.008116514620584398
phylum	CAMI_HIGH_S001	9.987072380266529	10655.63778124476	0.3434469075777862	0.4166666666666667	1.0	0.5882352941176471	5.0	0.0	7.0	5.0	0.4166666666666667	0.9462242535869578	0.58792218468117	0.17172345378889306
class	CAMI_HIGH_S001	9.987072380266529	10655.63778124476	0.3731620365173411	0.47619047619047616	1.0	0.6451612903225806	10.0	0.0	11.0	10.0	0.47619047619047616	1.7282163406416087	0.7505548202756811	0.18658101825867052
order	CAMI_HIGH_S001	9.987072380266529	10655.63778124476	0.5542383241408113	0.45	1.0	0.6206896551724138	18.0	0.0	22.0	18.0	0.45	2.131994403383218	0.7376194420523428	0.2771191620704057
family	CAMI_HIGH_S001	9.987072380266529	10655.63778124476	0.9629712759507197	0.3977272727272727	0.9459459459459459	0.56	35.0	2.0	53.0	37.0	0.3888888888888889	3.0191163269908583	0.8361077155531353	0.48148563797535965
genus	CAMI_HIGH_S001	9.987072380266529	10655.63778124476	1.1887204994206055	0.25773195876288657	0.7692307692307693	0.3861003861003861	50.0	15.0	144.0	65.0	0.23923444976076555	3.407530159541383	0.8162946893105523	0.5943602497103031
species	CAMI_HIGH_S001	9.987072380266529	10655.63778124476	1.9575947164792173	0.06584362139917696	0.07655502392344497	0.07079646017699116	16.0	193.0	227.0	209.0	0.03669724770642202	4.744475937755276	0.8880904327561208	0.9787973582396094
strain	CAMI_HIGH_S001	9.987072380266529	10655.63778124476	1.9999999999999998	0.0	0.0	na	0.0	66.0	1074.0	66.0	0.0	3.4482198737739265	0.8230319885752958	1.0
