rank	sample	Weighted UniFrac error	Unweighted UniFrac error	L1 norm error	Completeness (recall)	Purity (precision)	F1 score	True positives	False positives	False negatives	Taxon counts	Jaccard index	Shannon diversity	Shannon equitability	Bray-Curtis distance
superkingdom	CAMI_HIGH_S001	9.59217858455366	10094.995901268145	0.03351912261198249	1.0	1.0	1.0	2.0	0.0	0.0	2.0	1.0	0.1185643354213676	0.1710521787387027	0.01675956130599125
phylum	CAMI_HIGH_S001	9.59217858455366	10094.995901268145	0.1350982625910695	0.75	0.4090909090909091	0.5294117647058824	9.0	13.0	3.0	22.0	0.36	1.4914515935892323	0.48250763814933023	0.06754913129553475
class	CAMI_HIGH_S001	9.59217858455366	10094.995901268145	0.17818686254289118	0.8571428571428571	0.6206896551724138	0.7200000000000001	18.0	11.0	3.0	29.0	0.5625	2.171244280562558	0.6448035427202959	0.08909343127144555
order	CAMI_HIGH_S001	9.59217858455366	10094.995901268145	0.33828571136947316	0.8	0.5245901639344263	0.6336633663366338	32.0	29.0	8.0	61.0	0.463768115942029	2.8144766034781656	0.6846419268678173	0.16914285568473658
family	CAMI_HIGH_S001	9.59217858455366	10094.995901268145	0.6125673468294798	0.7159090909090909	0.5478260869565217	0.6206896551724138	63.0	52.0	25.0	115.0	0.45	4.027796572240171	0.8488628421392294	0.30628367341473983
genus	CAMI_HIGH_S001	9.59217858455366	10094.995901268145	1.1668123351780795	0.29896907216494845	0.25663716814159293	0.2761904761904762	58.0	168.0	136.0	226.0	0.16022099447513813	4.717497634099922	0.8703011113724479	0.5834061675890401
species	CAMI_HIGH_S001	9.59217858455366	10094.995901268145	1.9999999999999993	0.0	0.0	na	0.0	376.0	243.0	376.0	0.0	5.402518647532569	0.9111118016591611	1.0
strain	CAMI_HIGH_S001	9.59217858455366	10094.995901268145	1.9999999999999991	0.0	0.0	na	0.0	278.0	1074.0	278.0	0.0	5.086565098794453	0.9038570642966838	1.0
