rank	sample	Weighted UniFrac error	Unweighted UniFrac error	L1 norm error	Completeness (recall)	Purity (precision)	F1 score	True positives	False positives	False negatives	Taxon counts	Jaccard index	Shannon diversity	Shannon equitability	Bray-Curtis distance
superkingdom	CAMI_HIGH_S001	9.197473172480608	15137.015304430774	0.0012151373880174554	1.0	1.0	1.0	2.0	0.0	0.0	2.0	1.0	0.0470106202752824	0.06782198874026407	0.0006075686940087277
phylum	CAMI_HIGH_S001	9.197473172480608	15137.015304430774	0.08498908376049372	0.9166666666666666	0.4782608695652174	0.6285714285714286	11.0	12.0	1.0	23.0	0.4583333333333333	1.2602424067117992	0.4019278365462869	0.04249454188024684
class	CAMI_HIGH_S001	9.197473172480608	15137.015304430774	0.16503654074830704	0.9523809523809523	0.45454545454545453	0.6153846153846153	20.0	24.0	1.0	44.0	0.4444444444444444	1.986124159088297	0.5248479466479078	0.08251827037415352
order	CAMI_HIGH_S001	9.197473172480608	15137.015304430774	0.19821593563136156	0.975	0.4105263157894737	0.5777777777777777	39.0	56.0	1.0	95.0	0.40625	2.5959851976967347	0.5700604692421384	0.0991079678156808
family	CAMI_HIGH_S001	9.197473172480608	15137.015304430774	0.41382407263661203	0.9318181818181818	0.3904761904761905	0.5503355704697986	82.0	128.0	6.0	210.0	0.37962962962962965	3.8999441975551146	0.7293558573773108	0.2069120363183059
genus	CAMI_HIGH_S001	9.197473172480608	15137.015304430774	1.0643793923168325	0.4329896907216495	0.1510791366906475	0.22400000000000003	84.0	472.0	110.0	556.0	0.12612612612612611	4.74198991982461	0.7502236593829834	0.5321896961584159
species	CAMI_HIGH_S001	9.197473172480608	15137.015304430774	1.9821337956701743	0.01646090534979424	0.0030349013657056147	0.005124919923126202	4.0	1314.0	239.0	1318.0	0.002569043031470777	5.582808056270911	0.7771309197652198	0.9910668978350927
strain	CAMI_HIGH_S001	9.197473172480608	15137.015304430774	na	0.0	0.0	na	0.0	0.0	1074.0	0.0	0.0	na	na	na
