rank	sample	Weighted UniFrac error	Unweighted UniFrac error	L1 norm error	Completeness (recall)	Purity (precision)	F1 score	True positives	False positives	False negatives	Taxon counts	Jaccard index	Shannon diversity	Shannon equitability	Bray-Curtis distance
superkingdom	CAMI_HIGH_S001	8.622873785182689	9580.981706283312	0.016389261032563232	1.0	0.5	0.6666666666666666	2.0	2.0	0.0	4.0	0.5	0.07674287987319522	0.0553582861082981	0.008194630516281616
phylum	CAMI_HIGH_S001	8.622873785182689	9580.981706283312	0.09635289937610997	0.75	1.0	0.8571428571428571	9.0	0.0	3.0	9.0	0.75	1.2283082424032319	0.5590271723122439	0.04817644968805498
class	CAMI_HIGH_S001	8.622873785182689	9580.981706283312	0.16561171375445038	0.8571428571428571	0.8571428571428571	0.8571428571428571	18.0	3.0	3.0	21.0	0.75	2.087992907393265	0.6858195168877079	0.08280585687722519
order	CAMI_HIGH_S001	8.622873785182689	9580.981706283312	0.6770696790076789	0.85	0.7083333333333334	0.7727272727272727	34.0	14.0	6.0	48.0	0.6296296296296297	2.8844765722510415	0.7451115465519476	0.3385348395038395
family	CAMI_HIGH_S001	8.622873785182689	9580.981706283312	0.3026972173722166	0.8181818181818182	0.8470588235294118	0.8323699421965318	72.0	13.0	16.0	85.0	0.7128712871287128	3.5943071956786077	0.8090455424399217	0.15134860868610833
genus	CAMI_HIGH_S001	8.622873785182689	9580.981706283312	0.4064511686134445	0.7628865979381443	0.8222222222222222	0.7914438502673796	148.0	32.0	46.0	180.0	0.6548672566371682	4.304756879580429	0.8289606486605949	0.20322558430672225
species	CAMI_HIGH_S001	8.622873785182689	9580.981706283312	1.7849804814192598	0.5720164609053497	0.14771519659936239	0.2347972972972973	139.0	802.0	104.0	941.0	0.13301435406698564	5.875673236641669	0.858145469716501	0.892490240709631
strain	CAMI_HIGH_S001	8.622873785182689	9580.981706283312	1.9294293648642833	0.051210428305400374	0.05844845908607864	0.05459057071960298	55.0	886.0	1019.0	941.0	0.02806122448979592	5.875673236641665	0.8581454697165004	0.9647146824321418
