rank	sample	Weighted UniFrac error	Unweighted UniFrac error	L1 norm error	Completeness (recall)	Purity (precision)	F1 score	True positives	False positives	False negatives	Taxon counts	Jaccard index	Shannon diversity	Shannon equitability	Bray-Curtis distance
superkingdom	CAMI_HIGH_S001	8.73056253585983	53347.96363889175	0.051566015696914234	1.0	0.5	0.6666666666666666	2.0	2.0	0.0	4.0	0.5	0.14471387531909147	0.10438899513533852	0.02578300784845712
phylum	CAMI_HIGH_S001	8.73056253585983	53347.96363889175	0.16335784786252266	0.9166666666666666	0.4782608695652174	0.6285714285714286	11.0	12.0	1.0	23.0	0.4583333333333333	1.1748954340903384	0.37470821286212397	0.08167892393126135
class	CAMI_HIGH_S001	8.73056253585983	53347.96363889175	0.24586903942237825	0.9523809523809523	0.45454545454545453	0.6153846153846153	20.0	24.0	1.0	44.0	0.4444444444444444	2.0169141334633722	0.5329844242966757	0.12293451971118902
order	CAMI_HIGH_S001	8.73056253585983	53347.96363889175	0.802666831414244	0.975	0.40625	0.5735294117647058	39.0	57.0	1.0	96.0	0.4020618556701031	2.8923874339011015	0.6336912331333221	0.4013334157071218
family	CAMI_HIGH_S001	8.73056253585983	53347.96363889175	0.4311353307279706	0.9204545454545454	0.42857142857142855	0.5848375451263538	81.0	108.0	7.0	189.0	0.413265306122449	3.6449388474199993	0.6953671813897195	0.21556766536398525
genus	CAMI_HIGH_S001	8.73056253585983	53347.96363889175	0.5752752423650317	0.9329896907216495	0.24360699865410498	0.3863393810032017	181.0	562.0	13.0	743.0	0.23941798941798942	4.552012159687616	0.6885828858104703	0.2876376211825159
species	CAMI_HIGH_S001	8.73056253585983	53347.96363889175	1.7825121367379326	0.6666666666666666	0.026566087241718595	0.0510960416338117	162.0	5936.0	81.0	6098.0	0.026217834601068135	7.145680401646501	0.8198615348497632	0.891256068368967
strain	CAMI_HIGH_S001	8.73056253585983	53347.96363889175	1.9291129754186864	0.055865921787709494	0.009839291571006888	0.016731734523145567	60.0	6038.0	1014.0	6098.0	0.00843644544431946	7.1456804016465085	0.819861534849764	0.964556487709344
