rank	sample	Weighted UniFrac error	Unweighted UniFrac error	L1 norm error	Completeness (recall)	Purity (precision)	F1 score	True positives	False positives	False negatives	Taxon counts	Jaccard index	Shannon diversity	Shannon equitability	Bray-Curtis distance
superkingdom	CAMI_HIGH_S001	8.731291310947514	9803.370278556185	0.016675751796261018	1.0	0.5	0.6666666666666666	2.0	2.0	0.0	4.0	0.5	0.07776654945148559	0.0560967076203523	0.00833787589813051
phylum	CAMI_HIGH_S001	8.731291310947514	9803.370278556185	0.09195088609685813	0.6666666666666666	1.0	0.8	8.0	0.0	4.0	8.0	0.6666666666666666	1.2266481612960025	0.5898930730724361	0.045975443048429064
class	CAMI_HIGH_S001	8.731291310947514	9803.370278556185	0.16147771733140381	0.7619047619047619	0.8421052631578947	0.8	16.0	3.0	5.0	19.0	0.6666666666666666	2.0870610018744715	0.7088144861012914	0.08073885866570191
order	CAMI_HIGH_S001	8.731291310947514	9803.370278556185	0.6813706732483348	0.7	0.7567567567567568	0.7272727272727273	28.0	9.0	12.0	37.0	0.5714285714285714	2.856467209645475	0.7910640116306948	0.3406853366241674
family	CAMI_HIGH_S001	8.731291310947514	9803.370278556185	0.31134180939938966	0.5909090909090909	0.8524590163934426	0.697986577181208	52.0	9.0	36.0	61.0	0.5360824742268041	3.5424583330192414	0.8617287832380678	0.15567090469969486
genus	CAMI_HIGH_S001	8.731291310947514	9803.370278556185	0.43483985315170054	0.5309278350515464	0.8956521739130435	0.6666666666666667	103.0	12.0	91.0	115.0	0.5	4.17299150620968	0.8794628444241078	0.21741992657585044
species	CAMI_HIGH_S001	8.731291310947514	9803.370278556185	1.8211151585396146	0.27983539094650206	0.24548736462093862	0.2615384615384615	68.0	209.0	175.0	277.0	0.1504424778761062	5.376971062366317	0.9560729596682033	0.9105575792698072
strain	CAMI_HIGH_S001	8.731291310947514	9803.370278556185	1.942147479327314	0.025139664804469275	0.09747292418772563	0.039970392301998524	27.0	250.0	1047.0	277.0	0.02039274924471299	5.376971062366319	0.9560729596682038	0.971073739663657
