rank	sample	Weighted UniFrac error	Unweighted UniFrac error	L1 norm error	Completeness (recall)	Purity (precision)	F1 score	True positives	False positives	False negatives	Taxon counts	Jaccard index	Shannon diversity	Shannon equitability	Bray-Curtis distance
superkingdom	CAMI_HIGH_S001	10.179222396129761	11066.589584478794	0.1102222944061891	1.0	1.0	1.0	2.0	0.0	0.0	2.0	1.0	0.2373116439020641	0.34236833180271553	0.05511114720309455
phylum	CAMI_HIGH_S001	10.179222396129761	11066.589584478794	0.5153324011210376	0.5	1.0	0.6666666666666666	6.0	0.0	6.0	6.0	0.5	1.0038768246025094	0.560274323559183	0.25766620056051875
class	CAMI_HIGH_S001	10.179222396129761	11066.589584478794	0.782972376004037	0.7142857142857143	0.8823529411764706	0.7894736842105262	15.0	2.0	6.0	17.0	0.6521739130434783	1.993723126605592	0.7036967868262421	0.3914861880020185
order	CAMI_HIGH_S001	10.179222396129761	11066.589584478794	1.0230652071055168	0.7	0.8235294117647058	0.7567567567567567	28.0	6.0	12.0	34.0	0.6086956521739131	2.712425579513428	0.769185555639882	0.5115326035527585
family	CAMI_HIGH_S001	10.179222396129761	11066.589584478794	1.1455106167102784	0.5681818181818182	0.9433962264150944	0.7092198581560285	50.0	3.0	38.0	53.0	0.5494505494505495	3.044924536634911	0.7669271184422035	0.5727553083551393
genus	CAMI_HIGH_S001	10.179222396129761	11066.589584478794	1.419327007128459	0.31958762886597936	0.8157894736842105	0.4592592592592593	62.0	14.0	132.0	76.0	0.2980769230769231	3.1559686788622736	0.7287377058070293	0.7096635035642305
species	CAMI_HIGH_S001	10.179222396129761	11066.589584478794	1.979024661717765	0.01646090534979424	0.07547169811320754	0.02702702702702703	4.0	49.0	239.0	53.0	0.0136986301369863	2.7192874536506224	0.6849086950933396	0.9895123308588828
strain	CAMI_HIGH_S001	10.179222396129761	11066.589584478794	2.000000000000001	0.0	0.0	na	0.0	28.0	1074.0	28.0	0.0	1.966324668901146	0.5900972352977695	1.0
