rank	sample	Weighted UniFrac error	Unweighted UniFrac error	L1 norm error	Completeness (recall)	Purity (precision)	F1 score	True positives	False positives	False negatives	Taxon counts	Jaccard index	Shannon diversity	Shannon equitability	Bray-Curtis distance
superkingdom	CAMI_HIGH_S001	10.242440447230534	10622.034079847408	0.1679189243484526	1.0	1.0	1.0	2.0	0.0	0.0	2.0	1.0	0.30863437628397933	0.4452652841127553	0.0839594621742263
phylum	CAMI_HIGH_S001	10.242440447230534	10622.034079847408	0.43664680615825774	0.4166666666666667	0.625	0.5	5.0	3.0	7.0	8.0	0.3333333333333333	1.0549271564658118	0.5073127257107741	0.21832340307912887
class	CAMI_HIGH_S001	10.242440447230534	10622.034079847408	0.4560889554095791	0.5714285714285714	0.8571428571428571	0.6857142857142857	12.0	2.0	9.0	14.0	0.5217391304347826	1.875830450758236	0.7107956427122061	0.22804447770478956
order	CAMI_HIGH_S001	10.242440447230534	10622.034079847408	0.7368209355773704	0.675	0.7714285714285715	0.72	27.0	8.0	13.0	35.0	0.5625	2.2426316029185878	0.6307769490166597	0.368410467788685
family	CAMI_HIGH_S001	10.242440447230534	10622.034079847408	1.0288586686418437	0.6704545454545454	0.6413043478260869	0.6555555555555556	59.0	33.0	29.0	92.0	0.48760330578512395	3.1433587339025286	0.6951582720733733	0.5144293343209216
genus	CAMI_HIGH_S001	10.242440447230534	10622.034079847408	1.3713665116661433	0.31443298969072164	0.305	0.30964467005076146	61.0	139.0	133.0	200.0	0.1831831831831832	3.481199859334737	0.6570387574957237	0.6856832558330725
species	CAMI_HIGH_S001	10.242440447230534	10622.034079847408	1.9890570160821535	0.012345679012345678	0.007263922518159807	0.009146341463414635	3.0	410.0	240.0	413.0	0.004594180704441042	4.137496484268006	0.6868983950492175	0.9945285080410768
strain	CAMI_HIGH_S001	10.242440447230534	10622.034079847408	na	0.0	0.0	na	0.0	0.0	1074.0	0.0	0.0	na	na	na
