rank	sample	Weighted UniFrac error	Unweighted UniFrac error	L1 norm error	Completeness (recall)	Purity (precision)	F1 score	True positives	False positives	False negatives	Taxon counts	Jaccard index	Shannon diversity	Shannon equitability	Bray-Curtis distance
superkingdom	CAMI_HIGH_S001	9.026081681106907	12892.81546491815	0.07318465780913141	1.0	0.6666666666666666	0.8	2.0	1.0	0.0	3.0	0.6666666666666666	0.21479206641399248	0.1955121644182528	0.03659232890456571
phylum	CAMI_HIGH_S001	9.026081681106907	12892.81546491815	0.40639550595866714	1.0	0.3333333333333333	0.5	12.0	24.0	0.0	36.0	0.3333333333333333	2.037533325648425	0.5685845004983445	0.20319775297933354
class	CAMI_HIGH_S001	9.026081681106907	12892.81546491815	0.40142019674786605	1.0	0.375	0.5454545454545454	21.0	35.0	0.0	56.0	0.375	2.6851285027156258	0.6670543865510645	0.20071009837393294
order	CAMI_HIGH_S001	9.026081681106907	12892.81546491815	0.6091695370337412	0.95	0.3392857142857143	0.5000000000000001	38.0	74.0	2.0	112.0	0.3333333333333333	3.46404689689376	0.734141724175718	0.30458476851687055
family	CAMI_HIGH_S001	9.026081681106907	12892.81546491815	0.9482916920391172	0.875	0.3632075471698113	0.5133333333333333	77.0	135.0	11.0	212.0	0.3452914798206278	4.6236804596258745	0.863176699213901	0.47414584601955845
genus	CAMI_HIGH_S001	9.026081681106907	12892.81546491815	1.4547350249822577	0.5721649484536082	0.19039451114922812	0.2857142857142857	111.0	472.0	83.0	583.0	0.16666666666666666	5.635966831768903	0.8850190276832592	0.7273675124911285
species	CAMI_HIGH_S001	9.026081681106907	12892.81546491815	1.971984522462974	0.1440329218106996	0.033783783783783786	0.0547302580140735	35.0	1001.0	208.0	1036.0	0.028135048231511254	6.28808072668953	0.9056560353916527	0.9859922612314882
strain	CAMI_HIGH_S001	9.026081681106907	12892.81546491815	na	0.0	0.0	na	0.0	0.0	1074.0	0.0	0.0	na	na	na
