rank	sample	Weighted UniFrac error	Unweighted UniFrac error	L1 norm error	Completeness (recall)	Purity (precision)	F1 score	True positives	False positives	False negatives	Taxon counts	Jaccard index	Shannon diversity	Shannon equitability	Bray-Curtis distance
superkingdom	CAMI_HIGH_S001	7.5117227991583295	10263.031401629638	0.00671645341869674	1.0	0.6666666666666666	0.8	2.0	1.0	0.0	3.0	0.6666666666666666	0.03326564069036766	0.030279691055246506	0.00335822670934837
phylum	CAMI_HIGH_S001	7.5117227991583295	10263.031401629638	0.1366576923374541	0.8333333333333334	0.3333333333333333	0.47619047619047616	10.0	20.0	2.0	30.0	0.3125	1.3723222098121632	0.4034820846361799	0.06832884616872704
class	CAMI_HIGH_S001	7.5117227991583295	10263.031401629638	0.19447689998362253	0.9047619047619048	0.3958333333333333	0.5507246376811594	19.0	29.0	2.0	48.0	0.38	2.1590036351069215	0.5577089975497249	0.09723844999181125
order	CAMI_HIGH_S001	7.5117227991583295	10263.031401629638	0.3928795397759399	0.95	0.35185185185185186	0.5135135135135135	38.0	70.0	2.0	108.0	0.34545454545454546	2.9161407423579515	0.6228233684404986	0.19643976988797004
family	CAMI_HIGH_S001	7.5117227991583295	10263.031401629638	0.7416812177429746	0.8863636363636364	0.35135135135135137	0.5032258064516129	78.0	144.0	10.0	222.0	0.33620689655172414	4.123776235727923	0.7632838210115079	0.37084060887148745
genus	CAMI_HIGH_S001	7.5117227991583295	10263.031401629638	1.310483277167227	0.4175257731958763	0.1478102189781022	0.21832884097035044	81.0	467.0	113.0	548.0	0.12254160363086233	4.809687757889152	0.7626828102229656	0.6552416385836138
species	CAMI_HIGH_S001	7.5117227991583295	10263.031401629638	na	0.0	0.0	na	0.0	0.0	243.0	0.0	0.0	na	na	na
strain	CAMI_HIGH_S001	7.5117227991583295	10263.031401629638	na	0.0	0.0	na	0.0	0.0	1074.0	0.0	0.0	na	na	na
