rank	sample	Weighted UniFrac error	Unweighted UniFrac error	L1 norm error	Completeness (recall)	Purity (precision)	F1 score	True positives	False positives	False negatives	Taxon counts	Jaccard index	Shannon diversity	Shannon equitability	Bray-Curtis distance
superkingdom	CAMI_HIGH_S001	9.714430813468141	14327.415694942389	0.006552042181551466	1.0	1.0	1.0	2.0	0.0	0.0	2.0	1.0	0.03367451004365117	0.04858204864434114	0.0032760210907757338
phylum	CAMI_HIGH_S001	9.714430813468141	14327.415694942389	0.13505382382663148	0.8333333333333334	0.4166666666666667	0.5555555555555556	10.0	14.0	2.0	24.0	0.38461538461538464	1.3671125664659107	0.43017287920394787	0.06752691191331572
class	CAMI_HIGH_S001	9.714430813468141	14327.415694942389	0.1942256332475862	0.9047619047619048	0.4523809523809524	0.6031746031746031	19.0	23.0	2.0	42.0	0.4318181818181818	2.154039446726787	0.5763054701758502	0.09711281662379315
order	CAMI_HIGH_S001	9.714430813468141	14327.415694942389	0.38407983753568636	0.925	0.39361702127659576	0.5522388059701493	37.0	57.0	3.0	94.0	0.38144329896907214	2.9043756014683764	0.6392663784006635	0.19203991876784313
family	CAMI_HIGH_S001	9.714430813468141	14327.415694942389	0.7338552169648531	0.8295454545454546	0.3882978723404255	0.5289855072463768	73.0	115.0	15.0	188.0	0.35960591133004927	4.0732096014499755	0.7778582538225395	0.3669276084824265
genus	CAMI_HIGH_S001	9.714430813468141	14327.415694942389	1.2939665034345507	0.39690721649484534	0.1774193548387097	0.24522292993630573	77.0	357.0	117.0	434.0	0.1397459165154265	4.686566002635779	0.7716995942184369	0.6469832517172761
species	CAMI_HIGH_S001	9.714430813468141	14327.415694942389	1.9903092720077467	0.012345679012345678	0.004846526655896607	0.0069605568445475635	3.0	616.0	240.0	619.0	0.0034924330616996507	4.907372175680293	0.7634243634020024	0.9951546360038749
strain	CAMI_HIGH_S001	9.714430813468141	14327.415694942389	1.9999999999999998	0.0	0.0	na	0.0	918.0	1074.0	918.0	0.0	5.152603442255698	0.755270354583959	1.0
