rank	sample	Weighted UniFrac error	Unweighted UniFrac error	L1 norm error	Completeness (recall)	Purity (precision)	F1 score	True positives	False positives	False negatives	Taxon counts	Jaccard index	Shannon diversity	Shannon equitability	Bray-Curtis distance
superkingdom	CAMI_HIGH_S001	9.312874719584153	10679.959247702653	0.0045380353801268095	1.0	1.0	1.0	2.0	0.0	0.0	2.0	1.0	0.06038133723854128	0.0871118557962876	0.0022690176900634048
phylum	CAMI_HIGH_S001	9.312874719584153	10679.959247702653	0.20561190424779707	0.9166666666666666	0.5238095238095238	0.6666666666666667	11.0	10.0	1.0	21.0	0.5	1.1821582566866125	0.35868227243898415	0.10280595212389854
class	CAMI_HIGH_S001	9.312874719584153	10679.959247702653	0.2948625641852844	0.9523809523809523	0.5128205128205128	0.6666666666666666	20.0	19.0	1.0	39.0	0.5	1.8737297400530537	0.48401768205098145	0.14743128209264214
order	CAMI_HIGH_S001	9.312874719584153	10679.959247702653	0.3349735529161357	0.975	0.4642857142857143	0.6290322580645161	39.0	45.0	1.0	84.0	0.4588235294117647	2.5220528044793062	0.5430319840101246	0.16748677645806787
family	CAMI_HIGH_S001	9.312874719584153	10679.959247702653	0.4957200585169668	0.9204545454545454	0.45	0.6044776119402985	81.0	99.0	7.0	180.0	0.43315508021390375	3.8639230010433754	0.7128305603712756	0.24786002925848302
genus	CAMI_HIGH_S001	9.312874719584153	10679.959247702653	1.1402196669537166	0.42783505154639173	0.19714964370546317	0.26991869918699185	83.0	338.0	111.0	421.0	0.15601503759398497	4.69122768216032	0.7370638476471406	0.5701098334768591
species	CAMI_HIGH_S001	9.312874719584153	10679.959247702653	1.9812997323644144	0.01646090534979424	0.005312084993359893	0.008032128514056226	4.0	749.0	239.0	753.0	0.004032258064516129	5.322152124642133	0.7428276113065045	0.9906498661821911
strain	CAMI_HIGH_S001	9.312874719584153	10679.959247702653	na	0.0	0.0	na	0.0	0.0	1074.0	0.0	0.0	na	na	na
