rank	sample	Weighted UniFrac error	Unweighted UniFrac error	L1 norm error	Completeness (recall)	Purity (precision)	F1 score	True positives	False positives	False negatives	Taxon counts	Jaccard index	Shannon diversity	Shannon equitability	Bray-Curtis distance
superkingdom	CAMI_HIGH_S004	7.46782918383144	12096.995107053806	0.018020711851950196	1.0	0.6666666666666666	0.8	2.0	1.0	0.0	3.0	0.6666666666666666	0.10562909129806258	0.09614774237244408	0.009010355925975096
phylum	CAMI_HIGH_S004	7.46782918383144	12096.995107053806	0.21471510604751828	1.0	0.27906976744186046	0.43636363636363634	12.0	31.0	0.0	43.0	0.27906976744186046	1.2438311992558184	0.3307006170891965	0.10735755302375916
class	CAMI_HIGH_S004	7.46782918383144	12096.995107053806	0.34921477790226035	1.0	0.3559322033898305	0.525	21.0	38.0	0.0	59.0	0.3559322033898305	1.950583565159583	0.47837293758636645	0.17460738895113023
order	CAMI_HIGH_S004	7.46782918383144	12096.995107053806	0.46932198486114957	1.0	0.2857142857142857	0.4444444444444445	40.0	100.0	0.0	140.0	0.2857142857142857	2.37040330680646	0.4796792450949599	0.2346609924305748
family	CAMI_HIGH_S004	7.46782918383144	12096.995107053806	0.7918077092584183	0.9659090909090909	0.24216524216524216	0.38724373576309795	85.0	266.0	3.0	351.0	0.2401129943502825	3.2183692576910685	0.5491360945405439	0.395903854629209
genus	CAMI_HIGH_S004	7.46782918383144	12096.995107053806	1.0614764958454805	0.6907216494845361	0.0917180013689254	0.16193353474320243	134.0	1327.0	60.0	1461.0	0.0880999342537804	3.6617801664446765	0.5025171224998065	0.5307382479227399
species	CAMI_HIGH_S004	7.46782918383144	12096.995107053806	na	0.0	0.0	na	0.0	0.0	243.0	0.0	0.0	na	na	na
strain	CAMI_HIGH_S004	7.46782918383144	12096.995107053806	na	0.0	0.0	na	0.0	0.0	1074.0	0.0	0.0	na	na	na
