rank	sample	Weighted UniFrac error	Unweighted UniFrac error	L1 norm error	Completeness (recall)	Purity (precision)	F1 score	True positives	False positives	False negatives	Taxon counts	Jaccard index	Shannon diversity	Shannon equitability	Bray-Curtis distance
superkingdom	CAMI_HIGH_S004	9.866587241316893	10367.5896100667	0.029145269788839894	1.0	1.0	1.0	2.0	0.0	0.0	2.0	1.0	0.12567272685756173	0.18130741981239756	0.014572634894419947
phylum	CAMI_HIGH_S004	9.866587241316893	10367.5896100667	0.26698495813664247	0.4166666666666667	1.0	0.5882352941176471	5.0	0.0	7.0	5.0	0.4166666666666667	1.0472727728321094	0.650707159773702	0.13349247906832126
class	CAMI_HIGH_S004	9.866587241316893	10367.5896100667	0.33800504015201155	0.5238095238095238	1.0	0.6875000000000001	11.0	0.0	10.0	11.0	0.5238095238095238	1.8520159934228415	0.7723506586930788	0.1690025200760058
order	CAMI_HIGH_S004	9.866587241316893	10367.5896100667	0.5671558002310452	0.525	1.0	0.6885245901639345	21.0	0.0	19.0	21.0	0.525	2.2640168370166385	0.7436361148021571	0.28357790011552264
family	CAMI_HIGH_S004	9.866587241316893	10367.5896100667	0.8887365737520178	0.4659090909090909	1.0	0.6356589147286822	41.0	0.0	47.0	41.0	0.4659090909090909	3.0812439815264216	0.8297251073037449	0.44436828687600893
genus	CAMI_HIGH_S004	9.866587241316893	10367.5896100667	1.1882626217256758	0.27835051546391754	0.8181818181818182	0.4153846153846154	54.0	12.0	140.0	66.0	0.2621359223300971	3.448492445022508	0.8230970467400766	0.594131310862838
species	CAMI_HIGH_S004	9.866587241316893	10367.5896100667	1.9620463116960891	0.06995884773662552	0.07834101382488479	0.07391304347826086	17.0	200.0	226.0	217.0	0.03837471783295711	4.798295934131548	0.891893584358786	0.9810231558480441
strain	CAMI_HIGH_S004	9.866587241316893	10367.5896100667	2.000000000000001	0.0	0.0	na	0.0	74.0	1074.0	74.0	0.0	3.5400207079575257	0.822483078508032	1.0
