rank	sample	Weighted UniFrac error	Unweighted UniFrac error	L1 norm error	Completeness (recall)	Purity (precision)	F1 score	True positives	False positives	False negatives	Taxon counts	Jaccard index	Shannon diversity	Shannon equitability	Bray-Curtis distance
superkingdom	CAMI_HIGH_S004	9.523058048055162	10062.936641714945	0.023064034295974267	1.0	1.0	1.0	2.0	0.0	0.0	2.0	1.0	0.11464235905445513	0.1653939628836744	0.011532017147987133
phylum	CAMI_HIGH_S004	9.523058048055162	10062.936641714945	0.13835396839214925	0.8333333333333334	0.45454545454545453	0.5882352941176471	10.0	12.0	2.0	22.0	0.4166666666666667	1.5152610461954907	0.49021036399846574	0.06917698419607463
class	CAMI_HIGH_S004	9.523058048055162	10062.936641714945	0.16813671336889713	0.9047619047619048	0.59375	0.7169811320754718	19.0	13.0	2.0	32.0	0.5588235294117647	2.1730810318022526	0.6270186456061964	0.08406835668444854
order	CAMI_HIGH_S004	9.523058048055162	10062.936641714945	0.3294791098200813	0.85	0.53125	0.6538461538461537	34.0	30.0	6.0	64.0	0.4857142857142857	2.851571116212171	0.6856579180169176	0.1647395549100407
family	CAMI_HIGH_S004	9.523058048055162	10062.936641714945	0.5521881861643695	0.7613636363636364	0.5537190082644629	0.6411483253588517	67.0	54.0	21.0	121.0	0.47183098591549294	4.007916422226155	0.8357154850947414	0.2760940930821848
genus	CAMI_HIGH_S004	9.523058048055162	10062.936641714945	1.1410643351158618	0.30927835051546393	0.2575107296137339	0.2810304449648712	60.0	173.0	134.0	233.0	0.16348773841961853	4.7015939589315625	0.8625134456455904	0.5705321675579312
species	CAMI_HIGH_S004	9.523058048055162	10062.936641714945	1.9999999999999987	0.0	0.0	na	0.0	394.0	243.0	394.0	0.0	5.4648773858178465	0.9144170864056287	1.0
strain	CAMI_HIGH_S004	9.523058048055162	10062.936641714945	2.000000000000004	0.0	0.0	na	0.0	299.0	1074.0	299.0	0.0	5.14436465192717	0.9024498858195426	1.0
