rank	sample	Weighted UniFrac error	Unweighted UniFrac error	L1 norm error	Completeness (recall)	Purity (precision)	F1 score	True positives	False positives	False negatives	Taxon counts	Jaccard index	Shannon diversity	Shannon equitability	Bray-Curtis distance
superkingdom	CAMI_HIGH_S004	8.74157332934259	58498.9750520027	0.05505766477884778	1.0	0.5	0.6666666666666666	2.0	2.0	0.0	4.0	0.5	0.16196250666394452	0.11683125258700923	0.027528832389423885
phylum	CAMI_HIGH_S004	8.74157332934259	58498.9750520027	0.17125135317922507	1.0	0.5454545454545454	0.7058823529411764	12.0	10.0	0.0	22.0	0.5454545454545454	1.1858329866613357	0.38363529603838575	0.08562567658961254
class	CAMI_HIGH_S004	8.74157332934259	58498.9750520027	0.25943377085189473	1.0	0.5121951219512195	0.6774193548387097	21.0	20.0	0.0	41.0	0.5121951219512195	2.0284243581039227	0.5462191985691267	0.12971688542594734
order	CAMI_HIGH_S004	8.74157332934259	58498.9750520027	0.8102847450087998	1.0	0.42105263157894735	0.5925925925925926	40.0	55.0	0.0	95.0	0.42105263157894735	2.9637261791151515	0.650813855899714	0.40514237250439983
family	CAMI_HIGH_S004	8.74157332934259	58498.9750520027	0.4145348685002851	0.9659090909090909	0.4521276595744681	0.6159420289855072	85.0	103.0	3.0	188.0	0.44502617801047123	3.6227153333000497	0.6918276491967864	0.2072674342501425
genus	CAMI_HIGH_S004	8.74157332934259	58498.9750520027	0.603195254240878	0.9484536082474226	0.24500665778961384	0.38941798941798944	184.0	567.0	10.0	751.0	0.24178712220762155	4.59453387702956	0.6938910132783427	0.30159762712043886
species	CAMI_HIGH_S004	8.74157332934259	58498.9750520027	1.776539889051634	0.6666666666666666	0.023978685612788632	0.046292327475353626	162.0	6594.0	81.0	6756.0	0.02369460289600702	7.332735945176915	0.8315469546760513	0.8882699445258188
strain	CAMI_HIGH_S004	8.74157332934259	58498.9750520027	1.9305015502850589	0.05493482309124767	0.008732978093546477	0.015070242656449552	59.0	6697.0	1015.0	6756.0	0.007592330459400334	7.332735945176898	0.8315469546760494	0.9652507751425328
