rank	sample	Weighted UniFrac error	Unweighted UniFrac error	L1 norm error	Completeness (recall)	Purity (precision)	F1 score	True positives	False positives	False negatives	Taxon counts	Jaccard index	Shannon diversity	Shannon equitability	Bray-Curtis distance
superkingdom	CAMI_HIGH_S004	10.247383892883777	11177.48295036303	0.16441005950237653	1.0	1.0	1.0	2.0	0.0	0.0	2.0	1.0	0.3140844086508161	0.45312801878107506	0.08220502975118828
phylum	CAMI_HIGH_S004	10.247383892883777	11177.48295036303	0.4467412556222011	0.5	1.0	0.6666666666666666	6.0	0.0	6.0	6.0	0.5	1.1126735472287517	0.6209949305908374	0.22337062781110062
class	CAMI_HIGH_S004	10.247383892883777	11177.48295036303	0.7938646032181973	0.7142857142857143	0.8823529411764706	0.7894736842105262	15.0	2.0	6.0	17.0	0.6521739130434783	2.1003417342539663	0.7413284773136702	0.39693230160909865
order	CAMI_HIGH_S004	10.247383892883777	11177.48295036303	1.0962648659663299	0.7	0.8235294117647058	0.7567567567567567	28.0	6.0	12.0	34.0	0.6086956521739131	2.7170822308620766	0.7705060818073406	0.548132432983165
family	CAMI_HIGH_S004	10.247383892883777	11177.48295036303	1.1991721120354129	0.6022727272727273	0.9298245614035088	0.7310344827586207	53.0	4.0	35.0	57.0	0.5760869565217391	2.9604362150447905	0.7322282155057593	0.5995860560177063
genus	CAMI_HIGH_S004	10.247383892883777	11177.48295036303	1.4687114763780469	0.31958762886597936	0.7654320987654321	0.4509090909090908	62.0	19.0	132.0	81.0	0.29107981220657275	3.0942497492110546	0.7041268746780389	0.7343557381890236
species	CAMI_HIGH_S004	10.247383892883777	11177.48295036303	1.970549801269999	0.0205761316872428	0.08928571428571429	0.033444816053511704	5.0	51.0	238.0	56.0	0.017006802721088437	2.550531235381239	0.6336169933304475	0.9852749006349997
strain	CAMI_HIGH_S004	10.247383892883777	11177.48295036303	2.000000000000002	0.0	0.0	na	0.0	32.0	1074.0	32.0	0.0	1.78721262125836	0.5156805571407203	1.0
