rank	sample	Weighted UniFrac error	Unweighted UniFrac error	L1 norm error	Completeness (recall)	Purity (precision)	F1 score	True positives	False positives	False negatives	Taxon counts	Jaccard index	Shannon diversity	Shannon equitability	Bray-Curtis distance
superkingdom	CAMI_HIGH_S004	9.180904992235213	15188.995976351913	0.0008878057040257348	1.0	1.0	1.0	2.0	0.0	0.0	2.0	1.0	0.06679502894277536	0.0963648570117768	0.0004439028520128673
phylum	CAMI_HIGH_S004	9.180904992235213	15188.995976351913	0.09760154920070033	0.9166666666666666	0.4782608695652174	0.6285714285714286	11.0	12.0	1.0	23.0	0.4583333333333333	1.2558172473304492	0.40051652493905476	0.048800774600350164
class	CAMI_HIGH_S004	9.180904992235213	15188.995976351913	0.17414781283643954	0.9523809523809523	0.45454545454545453	0.6153846153846153	20.0	24.0	1.0	44.0	0.4444444444444444	1.9866654581807937	0.5249909889224399	0.08707390641821978
order	CAMI_HIGH_S004	9.180904992235213	15188.995976351913	0.20588562781609518	0.975	0.40625	0.5735294117647058	39.0	57.0	1.0	96.0	0.4020618556701031	2.6586350421373757	0.5824785775781037	0.10294281390804762
family	CAMI_HIGH_S004	9.180904992235213	15188.995976351913	0.38962424550553565	0.9318181818181818	0.38497652582159625	0.5448504983388703	82.0	131.0	6.0	213.0	0.3744292237442922	3.9021686433326437	0.7278410731447789	0.19481212275276807
genus	CAMI_HIGH_S004	9.180904992235213	15188.995976351913	1.1107956024296823	0.4381443298969072	0.15178571428571427	0.22546419098143236	85.0	475.0	109.0	560.0	0.12705530642750373	4.83826028141611	0.7645873286624104	0.5553978012148412
species	CAMI_HIGH_S004	9.180904992235213	15188.995976351913	1.9748177620696215	0.01646090534979424	0.0030097817908201654	0.0050890585241730275	4.0	1325.0	239.0	1329.0	0.002551020408163265	5.679026811807979	0.7896111034797714	0.9874088810348038
strain	CAMI_HIGH_S004	9.180904992235213	15188.995976351913	na	0.0	0.0	na	0.0	0.0	1074.0	0.0	0.0	na	na	na
