rank	sample	Weighted UniFrac error	Unweighted UniFrac error	L1 norm error	Completeness (recall)	Purity (precision)	F1 score	True positives	False positives	False negatives	Taxon counts	Jaccard index	Shannon diversity	Shannon equitability	Bray-Curtis distance
superkingdom	CAMI_HIGH_S004	8.7312746661647	9882.392140830807	0.023407749741473624	1.0	0.5	0.6666666666666666	2.0	2.0	0.0	4.0	0.5	0.10718160143236649	0.07731518243050628	0.011703874870736812
phylum	CAMI_HIGH_S004	8.7312746661647	9882.392140830807	0.0634576280622535	0.6666666666666666	1.0	0.8	8.0	0.0	4.0	8.0	0.6666666666666666	1.221447809259421	0.5873922323744184	0.03172881403112675
class	CAMI_HIGH_S004	8.7312746661647	9882.392140830807	0.1582969699769143	0.7619047619047619	0.8421052631578947	0.8	16.0	3.0	5.0	19.0	0.6666666666666666	2.081539021272237	0.7069390929818192	0.07914848498845714
order	CAMI_HIGH_S004	8.7312746661647	9882.392140830807	0.6815929603452718	0.725	0.7073170731707317	0.7160493827160495	29.0	12.0	11.0	41.0	0.5576923076923077	2.925883284110335	0.7878891890489081	0.340796480172636
family	CAMI_HIGH_S004	8.7312746661647	9882.392140830807	0.3006266570953142	0.625	0.873015873015873	0.728476821192053	55.0	8.0	33.0	63.0	0.5729166666666666	3.523300112351372	0.8503947723225486	0.15031332854765714
genus	CAMI_HIGH_S004	8.7312746661647	9882.392140830807	0.46493377319028084	0.6082474226804123	0.8939393939393939	0.7239263803680982	118.0	14.0	76.0	132.0	0.5673076923076923	4.246565474910143	0.8696984932497077	0.23246688659514034
species	CAMI_HIGH_S004	8.7312746661647	9882.392140830807	1.817100561336644	0.3497942386831276	0.27070063694267515	0.3052064631956912	85.0	229.0	158.0	314.0	0.18008474576271186	5.533179140108743	0.9623936220172373	0.908550280668322
strain	CAMI_HIGH_S004	8.7312746661647	9882.392140830807	1.9472301583095257	0.027932960893854747	0.09554140127388536	0.043227665706051875	30.0	284.0	1044.0	314.0	0.022091310751104567	5.533179140108748	0.9623936220172382	0.9736150791547625
