rank	sample	Weighted UniFrac error	Unweighted UniFrac error	L1 norm error	Completeness (recall)	Purity (precision)	F1 score	True positives	False positives	False negatives	Taxon counts	Jaccard index	Shannon diversity	Shannon equitability	Bray-Curtis distance
superkingdom	CAMI_HIGH_S004	8.591563044615045	9109.988262549998	0.02318541609754154	1.0	0.5	0.6666666666666666	2.0	2.0	0.0	4.0	0.5	0.10633322829567353	0.0767032105719411	0.01159270804877077
phylum	CAMI_HIGH_S004	8.591563044615045	9109.988262549998	0.06975388298145087	0.9166666666666666	1.0	0.9565217391304348	11.0	0.0	1.0	11.0	0.9166666666666666	1.2261306389948066	0.5113361925785435	0.03487694149072545
class	CAMI_HIGH_S004	8.591563044615045	9109.988262549998	0.16458305759565534	0.9523809523809523	0.8333333333333334	0.888888888888889	20.0	4.0	1.0	24.0	0.8	2.089746131436131	0.6575552973586157	0.08229152879782765
order	CAMI_HIGH_S004	8.591563044615045	9109.988262549998	0.6743776413339849	0.925	0.6851851851851852	0.7872340425531915	37.0	17.0	3.0	54.0	0.6491228070175439	2.9658681254957977	0.7435146620980623	0.3371888206669925
family	CAMI_HIGH_S004	8.591563044615045	9109.988262549998	0.2882150486592414	0.8977272727272727	0.8315789473684211	0.8633879781420765	79.0	16.0	9.0	95.0	0.7596153846153846	3.6158168623677693	0.7940084785860179	0.14410752432962076
genus	CAMI_HIGH_S004	8.591563044615045	9109.988262549998	0.4225772289733986	0.8556701030927835	0.8217821782178217	0.8383838383838383	166.0	36.0	28.0	202.0	0.7217391304347827	4.386769565703415	0.8264032290329042	0.21128861448669936
species	CAMI_HIGH_S004	8.591563044615045	9109.988262549998	1.7754453607415177	0.6378600823045267	0.17070484581497797	0.2693310165073849	155.0	753.0	88.0	908.0	0.15562248995983935	6.0112319828959215	0.8825453395537018	0.8877226803707587
strain	CAMI_HIGH_S004	8.591563044615045	9109.988262549998	1.9300782097653706	0.05493482309124767	0.06497797356828194	0.059535822401614535	59.0	849.0	1015.0	908.0	0.030681227249089962	6.011231982895922	0.882545339553702	0.9650391048826852
