rank	sample	Weighted UniFrac error	Unweighted UniFrac error	L1 norm error	Completeness (recall)	Purity (precision)	F1 score	True positives	False positives	False negatives	Taxon counts	Jaccard index	Shannon diversity	Shannon equitability	Bray-Curtis distance
superkingdom	CAMI_HIGH_S004	10.096510252479494	10575.09952047731	0.31492391312061985	1.0	1.0	1.0	2.0	0.0	0.0	2.0	1.0	0.45638370234300324	0.6584225041127956	0.15746195656030992
phylum	CAMI_HIGH_S004	10.096510252479494	10575.09952047731	0.39156573753988305	0.5	0.8571428571428571	0.631578947368421	6.0	1.0	6.0	7.0	0.46153846153846156	1.2195811238822007	0.6267407179485005	0.19578286876994153
class	CAMI_HIGH_S004	10.096510252479494	10575.09952047731	0.5326139363884397	0.7142857142857143	0.9375	0.8108108108108109	15.0	1.0	6.0	16.0	0.6818181818181818	1.9190536247311516	0.6921522868999056	0.26630696819421995
order	CAMI_HIGH_S004	10.096510252479494	10575.09952047731	0.7025827861788048	0.75	0.7894736842105263	0.7692307692307692	30.0	8.0	10.0	38.0	0.625	2.351662571534136	0.6464898612081329	0.3512913930894024
family	CAMI_HIGH_S004	10.096510252479494	10575.09952047731	0.9868809334433796	0.7159090909090909	0.6702127659574468	0.6923076923076923	63.0	31.0	25.0	94.0	0.5294117647058824	3.1182739172765284	0.6863463778413514	0.4934404667216898
genus	CAMI_HIGH_S004	10.096510252479494	10575.09952047731	1.3528898522201458	0.3402061855670103	0.3235294117647059	0.3316582914572864	66.0	138.0	128.0	204.0	0.19879518072289157	3.5635286340203742	0.670073002892977	0.6764449261100736
species	CAMI_HIGH_S004	10.096510252479494	10575.09952047731	1.9864555193929223	0.00823045267489712	0.004796163069544364	0.006060606060606061	2.0	415.0	241.0	417.0	0.00303951367781155	4.291454835978372	0.711319990831964	0.9932277596964616
strain	CAMI_HIGH_S004	10.096510252479494	10575.09952047731	na	0.0	0.0	na	0.0	0.0	1074.0	0.0	0.0	na	na	na
