rank	sample	Weighted UniFrac error	Unweighted UniFrac error	L1 norm error	Completeness (recall)	Purity (precision)	F1 score	True positives	False positives	False negatives	Taxon counts	Jaccard index	Shannon diversity	Shannon equitability	Bray-Curtis distance
superkingdom	CAMI_HIGH_S004	8.961687976756465	13091.791124204621	0.0705697370847747	1.0	0.6666666666666666	0.8	2.0	1.0	0.0	3.0	0.6666666666666666	0.2237398095757434	0.20365675123386054	0.03528486854238735
phylum	CAMI_HIGH_S004	8.961687976756465	13091.791124204621	0.3911406859349748	1.0	0.3076923076923077	0.47058823529411764	12.0	27.0	0.0	39.0	0.3076923076923077	2.0593038283145364	0.5621043201197607	0.19557034296748743
class	CAMI_HIGH_S004	8.961687976756465	13091.791124204621	0.3816052345163626	1.0	0.38181818181818183	0.5526315789473685	21.0	34.0	0.0	55.0	0.38181818181818183	2.6912807698508705	0.6715889708818273	0.19080261725818132
order	CAMI_HIGH_S004	8.961687976756465	13091.791124204621	0.5856018671244037	1.0	0.36036036036036034	0.5298013245033113	40.0	71.0	0.0	111.0	0.36036036036036034	3.5082340472850695	0.7449222952870082	0.2928009335622018
family	CAMI_HIGH_S004	8.961687976756465	13091.791124204621	0.9225305120266405	0.9090909090909091	0.3755868544600939	0.53156146179402	80.0	133.0	8.0	213.0	0.36199095022624433	4.6694293651954935	0.8709522295876628	0.4612652560133202
genus	CAMI_HIGH_S004	8.961687976756465	13091.791124204621	1.4696506059181849	0.6082474226804123	0.19249592169657423	0.2924411400247831	118.0	495.0	76.0	613.0	0.17126269956458637	5.739276768985997	0.8941960805082891	0.7348253029590922
species	CAMI_HIGH_S004	8.961687976756465	13091.791124204621	1.9627003953498992	0.14814814814814814	0.03345724907063197	0.054586808188021224	36.0	1040.0	207.0	1076.0	0.028059236165237724	6.365539073215014	0.9118369629870715	0.9813501976749504
strain	CAMI_HIGH_S004	8.961687976756465	13091.791124204621	na	0.0	0.0	na	0.0	0.0	1074.0	0.0	0.0	na	na	na
