rank	sample	Weighted UniFrac error	Unweighted UniFrac error	L1 norm error	Completeness (recall)	Purity (precision)	F1 score	True positives	False positives	False negatives	Taxon counts	Jaccard index	Shannon diversity	Shannon equitability	Bray-Curtis distance
superkingdom	CAMI_HIGH_S004	7.461337958541097	10386.05637075638	0.010088787546950213	1.0	0.6666666666666666	0.8	2.0	1.0	0.0	3.0	0.6666666666666666	0.04568901759141837	0.041587936037752626	0.005044393773475107
phylum	CAMI_HIGH_S004	7.461337958541097	10386.05637075638	0.151533205989275	1.0	0.36363636363636365	0.5333333333333333	12.0	21.0	0.0	33.0	0.36363636363636365	1.3765894128767926	0.3937041143704644	0.07576660299463747
class	CAMI_HIGH_S004	7.461337958541097	10386.05637075638	0.1989213224111351	1.0	0.40384615384615385	0.5753424657534247	21.0	31.0	0.0	52.0	0.40384615384615385	2.1610800130393035	0.5469366525978744	0.09946066120556761
order	CAMI_HIGH_S004	7.461337958541097	10386.05637075638	0.39049014474382715	1.0	0.3508771929824561	0.5194805194805194	40.0	74.0	0.0	114.0	0.3508771929824561	2.940340760461811	0.6208229643457074	0.19524507237191366
family	CAMI_HIGH_S004	7.461337958541097	10386.05637075638	0.6861549193099572	0.9204545454545454	0.34913793103448276	0.50625	81.0	151.0	7.0	232.0	0.3389121338912134	4.104106331554063	0.7534981129994344	0.34307745965497866
genus	CAMI_HIGH_S004	7.461337958541097	10386.05637075638	1.3058383191533451	0.4381443298969072	0.14991181657848324	0.2233902759526938	85.0	482.0	109.0	567.0	0.1257396449704142	4.85829423206081	0.7662490403665961	0.6529191595766719
species	CAMI_HIGH_S004	7.461337958541097	10386.05637075638	na	0.0	0.0	na	0.0	0.0	243.0	0.0	0.0	na	na	na
strain	CAMI_HIGH_S004	7.461337958541097	10386.05637075638	na	0.0	0.0	na	0.0	0.0	1074.0	0.0	0.0	na	na	na
