rank	sample	Weighted UniFrac error	Unweighted UniFrac error	L1 norm error	Completeness (recall)	Purity (precision)	F1 score	True positives	False positives	False negatives	Taxon counts	Jaccard index	Shannon diversity	Shannon equitability	Bray-Curtis distance
superkingdom	CAMI_HIGH_S004	9.66527284051655	14918.387715174544	0.010034385195726527	1.0	1.0	1.0	2.0	0.0	0.0	2.0	1.0	0.045796480455762845	0.06607035524369739	0.0050171925978632625
phylum	CAMI_HIGH_S004	9.66527284051655	14918.387715174544	0.14967822658049423	1.0	0.4444444444444444	0.6153846153846153	12.0	15.0	0.0	27.0	0.4444444444444444	1.3703112682164007	0.4157703563397791	0.07483911329024712
class	CAMI_HIGH_S004	9.66527284051655	14918.387715174544	0.199338125984209	1.0	0.45652173913043476	0.626865671641791	21.0	25.0	0.0	46.0	0.45652173913043476	2.1528922533664154	0.5623123271196515	0.0996690629921045
order	CAMI_HIGH_S004	9.66527284051655	14918.387715174544	0.3813027888477574	1.0	0.39603960396039606	0.5673758865248227	40.0	61.0	0.0	101.0	0.39603960396039606	2.926514616046409	0.6341144516957082	0.1906513944238787
family	CAMI_HIGH_S004	9.66527284051655	14918.387715174544	0.674436895829541	0.8863636363636364	0.38235294117647056	0.5342465753424658	78.0	126.0	10.0	204.0	0.3644859813084112	4.049618792467837	0.7614756337117847	0.3372184479147709
genus	CAMI_HIGH_S004	9.66527284051655	14918.387715174544	1.2809724612386517	0.4020618556701031	0.16956521739130434	0.23853211009174313	78.0	382.0	116.0	460.0	0.13541666666666666	4.7356424447077465	0.7723809343580388	0.640486230619326
species	CAMI_HIGH_S004	9.66527284051655	14918.387715174544	1.9833113784467533	0.012345679012345678	0.004608294930875576	0.006711409395973154	3.0	648.0	240.0	651.0	0.003367003367003367	4.939737262826739	0.7624804987004308	0.991655689223377
strain	CAMI_HIGH_S004	9.66527284051655	14918.387715174544	2.0000000000000044	0.0	0.0	na	0.0	968.0	1074.0	968.0	0.0	5.1894859281100265	0.7548088358666144	1.0
