rank	sample	Weighted UniFrac error	Unweighted UniFrac error	L1 norm error	Completeness (recall)	Purity (precision)	F1 score	True positives	False positives	False negatives	Taxon counts	Jaccard index	Shannon diversity	Shannon equitability	Bray-Curtis distance
superkingdom	CAMI_HIGH_S004	9.352966415780877	10689.871370560924	0.006924498736102795	1.0	1.0	1.0	2.0	0.0	0.0	2.0	1.0	0.08332531804220161	0.12021302311997994	0.0034622493680513977
phylum	CAMI_HIGH_S004	9.352966415780877	10689.871370560924	0.22426296134982798	1.0	0.5217391304347826	0.6857142857142856	12.0	11.0	0.0	23.0	0.5217391304347826	1.167987963944608	0.35438282033679813	0.11213148067491402
class	CAMI_HIGH_S004	9.352966415780877	10689.871370560924	0.318168623804707	1.0	0.525	0.6885245901639345	21.0	19.0	0.0	40.0	0.525	1.85522171730573	0.4792367309468735	0.15908431190235348
order	CAMI_HIGH_S004	9.352966415780877	10689.871370560924	0.34298937608754443	1.0	0.46511627906976744	0.6349206349206349	40.0	46.0	0.0	86.0	0.46511627906976744	2.560810571278849	0.5513770539323631	0.17149468804377213
family	CAMI_HIGH_S004	9.352966415780877	10689.871370560924	0.46114141577031936	0.9431818181818182	0.45108695652173914	0.6102941176470589	83.0	101.0	5.0	184.0	0.43915343915343913	3.823743939258061	0.7054181810045325	0.23057070788515951
genus	CAMI_HIGH_S004	9.352966415780877	10689.871370560924	1.1707637729879157	0.4381443298969072	0.1990632318501171	0.27375201288244766	85.0	342.0	109.0	427.0	0.15858208955223882	4.760910679332992	0.7474073289627736	0.5853818864939557
species	CAMI_HIGH_S004	9.352966415780877	10689.871370560924	1.9757224309657206	0.01646090534979424	0.005188067444876783	0.007889546351084813	4.0	767.0	239.0	771.0	0.0039603960396039604	5.402935309180368	0.7548386387104059	0.9878612154828493
strain	CAMI_HIGH_S004	9.352966415780877	10689.871370560924	na	0.0	0.0	na	0.0	0.0	1074.0	0.0	0.0	na	na	na
