rank	sample	Weighted UniFrac error	Unweighted UniFrac error	L1 norm error	Completeness (recall)	Purity (precision)	F1 score	True positives	False positives	False negatives	Taxon counts	Jaccard index	Shannon diversity	Shannon equitability	Bray-Curtis distance
superkingdom	CAMI_HIGH_S005	7.50876885133505	12122.00114526892	0.01861618404984182	1.0	0.6666666666666666	0.8	2.0	1.0	0.0	3.0	0.6666666666666666	0.1147336073203595	0.10443502999539128	0.00930809202492091
phylum	CAMI_HIGH_S005	7.50876885133505	12122.00114526892	0.26465609455131167	1.0	0.27906976744186046	0.43636363636363634	12.0	31.0	0.0	43.0	0.27906976744186046	1.2370891903448915	0.3289081017474055	0.1323280472756558
class	CAMI_HIGH_S005	7.50876885133505	12122.00114526892	0.38115427581236977	1.0	0.3559322033898305	0.525	21.0	38.0	0.0	59.0	0.3559322033898305	1.923862695586565	0.47181974955544964	0.19057713790618483
order	CAMI_HIGH_S005	7.50876885133505	12122.00114526892	0.47678133221320934	1.0	0.2857142857142857	0.4444444444444445	40.0	100.0	0.0	140.0	0.2857142857142857	2.3493030937468475	0.47540936652926824	0.23839066610660467
family	CAMI_HIGH_S005	7.50876885133505	12122.00114526892	0.7886880630838858	0.9659090909090909	0.24285714285714285	0.3881278538812786	85.0	265.0	3.0	350.0	0.24079320113314448	3.23402536884691	0.5520761817453822	0.39434403154194286
genus	CAMI_HIGH_S005	7.50876885133505	12122.00114526892	1.0400637717358665	0.6907216494845361	0.09266943291839558	0.1634146341463415	134.0	1312.0	60.0	1446.0	0.08897742363877822	3.662028689880439	0.5032639736719707	0.5200318858679337
species	CAMI_HIGH_S005	7.50876885133505	12122.00114526892	na	0.0	0.0	na	0.0	0.0	243.0	0.0	0.0	na	na	na
strain	CAMI_HIGH_S005	7.50876885133505	12122.00114526892	na	0.0	0.0	na	0.0	0.0	1074.0	0.0	0.0	na	na	na
