rank	sample	Weighted UniFrac error	Unweighted UniFrac error	L1 norm error	Completeness (recall)	Purity (precision)	F1 score	True positives	False positives	False negatives	Taxon counts	Jaccard index	Shannon diversity	Shannon equitability	Bray-Curtis distance
superkingdom	CAMI_HIGH_S005	9.846750510755852	10200.864266413946	0.03387853677184462	1.0	0.6666666666666666	0.8	2.0	1.0	0.0	3.0	0.6666666666666666	0.14798836735360799	0.13470481704971643	0.016939268385922312
phylum	CAMI_HIGH_S005	9.846750510755852	10200.864266413946	0.24916264607017857	0.4166666666666667	0.8333333333333334	0.5555555555555556	5.0	1.0	7.0	6.0	0.38461538461538464	1.0925423538977117	0.6097594976676264	0.12458132303508931
class	CAMI_HIGH_S005	9.846750510755852	10200.864266413946	0.3462849096347685	0.5238095238095238	0.9166666666666666	0.6666666666666667	11.0	1.0	10.0	12.0	0.5	1.8459330239894658	0.7428580965594629	0.1731424548173843
order	CAMI_HIGH_S005	9.846750510755852	10200.864266413946	0.540725986593725	0.55	0.9565217391304348	0.6984126984126985	22.0	1.0	18.0	23.0	0.5365853658536586	2.2853776399141164	0.7288731799611642	0.2703629932968625
family	CAMI_HIGH_S005	9.846750510755852	10200.864266413946	0.8547915988985172	0.4659090909090909	0.9534883720930233	0.6259541984732824	41.0	2.0	47.0	43.0	0.45555555555555555	3.134853942135116	0.8334717233084662	0.4273957994492586
genus	CAMI_HIGH_S005	9.846750510755852	10200.864266413946	1.1436487283536783	0.27835051546391754	0.7714285714285715	0.4090909090909091	54.0	16.0	140.0	70.0	0.2571428571428571	3.4915915841614984	0.821841942908061	0.5718243641768389
species	CAMI_HIGH_S005	9.846750510755852	10200.864266413946	1.9547583841232672	0.07818930041152264	0.08444444444444445	0.0811965811965812	19.0	206.0	224.0	225.0	0.042316258351893093	4.801080308898068	0.8864459578600072	0.9773791920616343
strain	CAMI_HIGH_S005	9.846750510755852	10200.864266413946	2.0000000000000013	0.0	0.0	na	0.0	73.0	1074.0	73.0	0.0	3.56879884398845	0.8317987602356217	1.0
