rank	sample	Weighted UniFrac error	Unweighted UniFrac error	L1 norm error	Completeness (recall)	Purity (precision)	F1 score	True positives	False positives	False negatives	Taxon counts	Jaccard index	Shannon diversity	Shannon equitability	Bray-Curtis distance
superkingdom	CAMI_HIGH_S005	9.536079877381518	10055.871645380648	0.02056533495231263	1.0	1.0	1.0	2.0	0.0	0.0	2.0	1.0	0.11790595287399724	0.17010233350260365	0.010282667476156316
phylum	CAMI_HIGH_S005	9.536079877381518	10055.871645380648	0.14765723155709046	0.75	0.45	0.5625000000000001	9.0	11.0	3.0	20.0	0.391304347826087	1.4962390960556458	0.4994568804643482	0.07382861577854523
class	CAMI_HIGH_S005	9.536079877381518	10055.871645380648	0.18266665986629216	0.8571428571428571	0.6	0.7058823529411764	18.0	12.0	3.0	30.0	0.5454545454545454	2.1552865007118784	0.6336846289287087	0.09133332993314609
order	CAMI_HIGH_S005	9.536079877381518	10055.871645380648	0.3330850019409373	0.8	0.48484848484848486	0.6037735849056605	32.0	34.0	8.0	66.0	0.43243243243243246	2.8538595613308164	0.6811681957235646	0.16654250097046863
family	CAMI_HIGH_S005	9.536079877381518	10055.871645380648	0.5613269083048554	0.7159090909090909	0.5163934426229508	0.6	63.0	59.0	25.0	122.0	0.42857142857142855	4.033134868597366	0.8395331392269756	0.2806634541524276
genus	CAMI_HIGH_S005	9.536079877381518	10055.871645380648	1.1284694000336335	0.31958762886597936	0.26495726495726496	0.28971962616822433	62.0	172.0	132.0	234.0	0.16939890710382513	4.702905285704005	0.8620767112066946	0.5642347000168173
species	CAMI_HIGH_S005	9.536079877381518	10055.871645380648	2.0000000000000004	0.0	0.0	na	0.0	390.0	243.0	390.0	0.0	5.4402886188429855	0.9118596737099456	1.0
strain	CAMI_HIGH_S005	9.536079877381518	10055.871645380648	2.0000000000000004	0.0	0.0	na	0.0	292.0	1074.0	292.0	0.0	5.143330871940781	0.9060338093023588	1.0
