rank	sample	Weighted UniFrac error	Unweighted UniFrac error	L1 norm error	Completeness (recall)	Purity (precision)	F1 score	True positives	False positives	False negatives	Taxon counts	Jaccard index	Shannon diversity	Shannon equitability	Bray-Curtis distance
superkingdom	CAMI_HIGH_S005	8.62453946803338	9275.99720267497	0.023908237905941977	1.0	0.5	0.6666666666666666	2.0	2.0	0.0	4.0	0.5	0.10592250317674132	0.07640693502581508	0.011954118952970988
phylum	CAMI_HIGH_S005	8.62453946803338	9275.99720267497	0.06602994839393254	0.9166666666666666	0.9166666666666666	0.9166666666666666	11.0	1.0	1.0	12.0	0.8461538461538461	1.2207249643076301	0.491255864445361	0.03301497419696627
class	CAMI_HIGH_S005	8.62453946803338	9275.99720267497	0.16581964703174312	0.9523809523809523	0.8	0.8695652173913043	20.0	5.0	1.0	25.0	0.7692307692307693	2.0923704244723296	0.6500314203819911	0.08290982351587156
order	CAMI_HIGH_S005	8.62453946803338	9275.99720267497	0.6773943607425931	0.925	0.6727272727272727	0.7789473684210527	37.0	18.0	3.0	55.0	0.6379310344827587	2.9858031444965105	0.7450848248654671	0.3386971803712965
family	CAMI_HIGH_S005	8.62453946803338	9275.99720267497	0.3074840730738021	0.9090909090909091	0.8163265306122449	0.8602150537634408	80.0	18.0	8.0	98.0	0.7547169811320755	3.631313836118048	0.7920042733151426	0.153742036536901
genus	CAMI_HIGH_S005	8.62453946803338	9275.99720267497	0.4272054076751045	0.8505154639175257	0.8088235294117647	0.8291457286432161	165.0	39.0	29.0	204.0	0.7081545064377682	4.397517881651679	0.8268933169506999	0.21360270383755223
species	CAMI_HIGH_S005	8.62453946803338	9275.99720267497	1.775691320496938	0.6337448559670782	0.16812227074235808	0.2657463330457291	154.0	762.0	89.0	916.0	0.15323383084577114	6.049535906138996	0.8870265968090608	0.8878456602484698
strain	CAMI_HIGH_S005	8.62453946803338	9275.99720267497	1.9403027163674034	0.055865921787709494	0.06550218340611354	0.06030150753768844	60.0	856.0	1014.0	916.0	0.031088082901554404	6.04953590613899	0.8870265968090599	0.9701513581837017
