rank	sample	Weighted UniFrac error	Unweighted UniFrac error	L1 norm error	Completeness (recall)	Purity (precision)	F1 score	True positives	False positives	False negatives	Taxon counts	Jaccard index	Shannon diversity	Shannon equitability	Bray-Curtis distance
superkingdom	CAMI_HIGH_S005	8.763879786053373	9738.357348792364	0.024080947529042135	1.0	0.6666666666666666	0.8	2.0	1.0	0.0	3.0	0.6666666666666666	0.10645980135608246	0.09690388725320723	0.01204047376452107
phylum	CAMI_HIGH_S005	8.763879786053373	9738.357348792364	0.06483836773210425	0.6666666666666666	1.0	0.8	8.0	0.0	4.0	8.0	0.6666666666666666	1.2126795335499276	0.5831755830800074	0.03241918386605212
class	CAMI_HIGH_S005	8.763879786053373	9738.357348792364	0.1616745337170026	0.7619047619047619	0.8	0.7804878048780488	16.0	4.0	5.0	20.0	0.64	2.0842919051984863	0.6957537305981565	0.08083726685850129
order	CAMI_HIGH_S005	8.763879786053373	9738.357348792364	0.6831448116783431	0.775	0.7380952380952381	0.7560975609756099	31.0	11.0	9.0	42.0	0.6078431372549019	2.950584128047377	0.7894181212844908	0.3415724058391714
family	CAMI_HIGH_S005	8.763879786053373	9738.357348792364	0.3244196621779319	0.625	0.8333333333333334	0.7142857142857143	55.0	11.0	33.0	66.0	0.5555555555555556	3.546531645308009	0.8464973520927038	0.16220983108896597
genus	CAMI_HIGH_S005	8.763879786053373	9738.357348792364	0.4701193970756471	0.6030927835051546	0.8796992481203008	0.7155963302752294	117.0	16.0	77.0	133.0	0.5571428571428572	4.253251948480394	0.8697235794342922	0.2350596985378236
species	CAMI_HIGH_S005	8.763879786053373	9738.357348792364	1.820609201358898	0.35802469135802467	0.27102803738317754	0.30851063829787234	87.0	234.0	156.0	321.0	0.18238993710691823	5.567282228979553	0.9646260111131929	0.9103046006794497
strain	CAMI_HIGH_S005	8.763879786053373	9738.357348792364	1.9576805078339066	0.028864059590316574	0.09657320872274143	0.04444444444444444	31.0	290.0	1043.0	321.0	0.022727272727272728	5.567282228979557	0.9646260111131936	0.9788402539169528
