rank	sample	Weighted UniFrac error	Unweighted UniFrac error	L1 norm error	Completeness (recall)	Purity (precision)	F1 score	True positives	False positives	False negatives	Taxon counts	Jaccard index	Shannon diversity	Shannon equitability	Bray-Curtis distance
superkingdom	CAMI_HIGH_S005	10.456179777093649	11033.42577206436	0.18744590645633544	1.0	1.0	1.0	2.0	0.0	0.0	2.0	1.0	0.3438169392675306	0.4960229932548883	0.09372295322816772
phylum	CAMI_HIGH_S005	10.456179777093649	11033.42577206436	0.4973469497667389	0.5	1.0	0.6666666666666666	6.0	0.0	6.0	6.0	0.5	1.0609685823728772	0.592137840259315	0.24867347488336947
class	CAMI_HIGH_S005	10.456179777093649	11033.42577206436	0.818330690409489	0.6666666666666666	0.875	0.7567567567567567	14.0	2.0	7.0	16.0	0.6086956521739131	2.0649032196372894	0.7447564087215929	0.4091653452047444
order	CAMI_HIGH_S005	10.456179777093649	11033.42577206436	1.122903481392758	0.7	0.8235294117647058	0.7567567567567567	28.0	6.0	12.0	34.0	0.6086956521739131	2.6648724076963117	0.7557004988837261	0.5614517406963788
family	CAMI_HIGH_S005	10.456179777093649	11033.42577206436	1.22539321762435	0.5909090909090909	0.9122807017543859	0.7172413793103448	52.0	5.0	36.0	57.0	0.5591397849462365	2.905175940218123	0.7185602525822358	0.6126966088121749
genus	CAMI_HIGH_S005	10.456179777093649	11033.42577206436	1.484691945151891	0.31958762886597936	0.7654320987654321	0.4509090909090908	62.0	19.0	132.0	81.0	0.29107981220657275	3.0307332586393247	0.6896730743640234	0.7423459725759457
species	CAMI_HIGH_S005	10.456179777093649	11033.42577206436	1.9672530825532581	0.0205761316872428	0.09090909090909091	0.03355704697986577	5.0	50.0	238.0	55.0	0.017064846416382253	2.511437403805582	0.6267104050795042	0.9836265412766297
strain	CAMI_HIGH_S005	10.456179777093649	11033.42577206436	2.0000000000000004	0.0	0.0	na	0.0	32.0	1074.0	32.0	0.0	1.6914963478023048	0.4880626785312357	1.0
