rank	sample	Weighted UniFrac error	Unweighted UniFrac error	L1 norm error	Completeness (recall)	Purity (precision)	F1 score	True positives	False positives	False negatives	Taxon counts	Jaccard index	Shannon diversity	Shannon equitability	Bray-Curtis distance
superkingdom	CAMI_HIGH_S005	8.803433631411258	57902.98964132404	0.05008134161333239	1.0	0.5	0.6666666666666666	2.0	2.0	0.0	4.0	0.5	0.15604954074045252	0.11256594927962556	0.025040670806666197
phylum	CAMI_HIGH_S005	8.803433631411258	57902.98964132404	0.18136794869568862	0.9166666666666666	0.5	0.6470588235294118	11.0	11.0	1.0	22.0	0.4782608695652174	1.1660823368885636	0.3772456556271666	0.09068397434784432
class	CAMI_HIGH_S005	8.803433631411258	57902.98964132404	0.27139334074344856	0.9523809523809523	0.46511627906976744	0.625	20.0	23.0	1.0	43.0	0.45454545454545453	1.9932716688606849	0.5299562925524177	0.1356966703717243
order	CAMI_HIGH_S005	8.803433631411258	57902.98964132404	0.8205864365418115	0.95	0.3958333333333333	0.5588235294117647	38.0	58.0	2.0	96.0	0.3877551020408163	2.951137580670354	0.6465627635917289	0.41029321827090565
family	CAMI_HIGH_S005	8.803433631411258	57902.98964132404	0.44490306611057	0.9318181818181818	0.4270833333333333	0.5857142857142857	82.0	110.0	6.0	192.0	0.41414141414141414	3.611699923862305	0.686962073819058	0.22245153305528503
genus	CAMI_HIGH_S005	8.803433631411258	57902.98964132404	0.6223089942328869	0.9432989690721649	0.244	0.3877118644067797	183.0	567.0	11.0	750.0	0.240473061760841	4.559535626484736	0.6887439888107268	0.31115449711644394
species	CAMI_HIGH_S005	8.803433631411258	57902.98964132404	1.7803013310244922	0.6666666666666666	0.024327977173749814	0.046942915097073316	162.0	6497.0	81.0	6659.0	0.024035608308605343	7.392575172724145	0.8397099530977872	0.8901506655122483
strain	CAMI_HIGH_S005	8.803433631411258	57902.98964132404	1.941233400536761	0.055865921787709494	0.009010361916203634	0.015517910254752357	60.0	6599.0	1014.0	6659.0	0.00781962726443373	7.392575172724124	0.8397099530977847	0.9706167002683791
