rank	sample	Weighted UniFrac error	Unweighted UniFrac error	L1 norm error	Completeness (recall)	Purity (precision)	F1 score	True positives	False positives	False negatives	Taxon counts	Jaccard index	Shannon diversity	Shannon equitability	Bray-Curtis distance
superkingdom	CAMI_HIGH_S005	9.185039708126375	15229.012348969376	0.0009073050476874056	1.0	1.0	1.0	2.0	0.0	0.0	2.0	1.0	0.07593691334454625	0.10955380830259183	0.0004536525238437028
phylum	CAMI_HIGH_S005	9.185039708126375	15229.012348969376	0.09225129599360836	0.9166666666666666	0.4782608695652174	0.6285714285714286	11.0	12.0	1.0	23.0	0.4583333333333333	1.2584094242871333	0.4013432453149097	0.04612564799680418
class	CAMI_HIGH_S005	9.185039708126375	15229.012348969376	0.17069933416122268	0.9523809523809523	0.47619047619047616	0.634920634920635	20.0	22.0	1.0	42.0	0.46511627906976744	1.9763514620678586	0.5287656919702696	0.08534966708061133
order	CAMI_HIGH_S005	9.185039708126375	15229.012348969376	0.20200904290528426	0.975	0.4105263157894737	0.5777777777777777	39.0	56.0	1.0	95.0	0.40625	2.6627573670217592	0.5847231777242634	0.10100452145264208
family	CAMI_HIGH_S005	9.185039708126375	15229.012348969376	0.37472626904372947	0.9318181818181818	0.3923444976076555	0.5521885521885522	82.0	127.0	6.0	209.0	0.3813953488372093	3.8872709156156495	0.7276352868010802	0.1873631345218648
genus	CAMI_HIGH_S005	9.185039708126375	15229.012348969376	1.0760583811990896	0.4381443298969072	0.1512455516014235	0.22486772486772488	85.0	477.0	109.0	562.0	0.12667660208643816	4.7983127571326	0.757847485618782	0.538029190599544
species	CAMI_HIGH_S005	9.185039708126375	15229.012348969376	1.9743994404658918	0.01646090534979424	0.0030120481927710845	0.005092297899427117	4.0	1324.0	239.0	1328.0	0.0025526483726866626	5.651466257266645	0.7858613354736333	0.9871997202329488
strain	CAMI_HIGH_S005	9.185039708126375	15229.012348969376	na	0.0	0.0	na	0.0	0.0	1074.0	0.0	0.0	na	na	na
