rank	sample	Weighted UniFrac error	Unweighted UniFrac error	L1 norm error	Completeness (recall)	Purity (precision)	F1 score	True positives	False positives	False negatives	Taxon counts	Jaccard index	Shannon diversity	Shannon equitability	Bray-Curtis distance
superkingdom	CAMI_HIGH_S005	10.138406816052953	10394.126371717204	0.33316516381786876	1.0	1.0	1.0	2.0	0.0	0.0	2.0	1.0	0.4737704054096715	0.6835062144044869	0.16658258190893438
phylum	CAMI_HIGH_S005	10.138406816052953	10394.126371717204	0.3674637292385398	0.5833333333333334	1.0	0.7368421052631579	7.0	0.0	5.0	7.0	0.5833333333333334	1.2259015578167727	0.6299887784705346	0.1837318646192699
class	CAMI_HIGH_S005	10.138406816052953	10394.126371717204	0.539072750384133	0.7142857142857143	1.0	0.8333333333333333	15.0	0.0	6.0	15.0	0.7142857142857143	1.8967387776069338	0.7004075392822989	0.2695363751920665
order	CAMI_HIGH_S005	10.138406816052953	10394.126371717204	0.6837588855603159	0.725	0.8055555555555556	0.7631578947368423	29.0	7.0	11.0	36.0	0.6170212765957447	2.346143870174085	0.6547039126811133	0.3418794427801579
family	CAMI_HIGH_S005	10.138406816052953	10394.126371717204	0.9641880885542017	0.6818181818181818	0.6451612903225806	0.6629834254143646	60.0	33.0	28.0	93.0	0.49586776859504134	3.131749601960689	0.6909389648680345	0.4820940442771008
genus	CAMI_HIGH_S005	10.138406816052953	10394.126371717204	1.3359004322784196	0.33505154639175255	0.30952380952380953	0.3217821782178218	65.0	145.0	129.0	210.0	0.19174041297935104	3.602578866273794	0.673743485721598	0.6679502161392099
species	CAMI_HIGH_S005	10.138406816052953	10394.126371717204	1.9848109841854846	0.012345679012345678	0.006864988558352402	0.008823529411764706	3.0	434.0	240.0	437.0	0.004431314623338257	4.33043634800768	0.7122506463559253	0.9924054920927421
strain	CAMI_HIGH_S005	10.138406816052953	10394.126371717204	na	0.0	0.0	na	0.0	0.0	1074.0	0.0	0.0	na	na	na
