rank	sample	Weighted UniFrac error	Unweighted UniFrac error	L1 norm error	Completeness (recall)	Purity (precision)	F1 score	True positives	False positives	False negatives	Taxon counts	Jaccard index	Shannon diversity	Shannon equitability	Bray-Curtis distance
superkingdom	CAMI_HIGH_S005	9.128505305309641	13645.78926424673	0.06269242042829176	1.0	0.6666666666666666	0.8	2.0	1.0	0.0	3.0	0.6666666666666666	0.21937072734920499	0.19967984120690713	0.03134621021414589
phylum	CAMI_HIGH_S005	9.128505305309641	13645.78926424673	0.41030012677224403	1.0	0.34285714285714286	0.5106382978723404	12.0	23.0	0.0	35.0	0.34285714285714286	2.055221479388537	0.5780647756123094	0.20515006338612204
class	CAMI_HIGH_S005	9.128505305309641	13645.78926424673	0.3998924775581797	1.0	0.39622641509433965	0.5675675675675675	21.0	32.0	0.0	53.0	0.39622641509433965	2.6925879904252086	0.6781838839694325	0.19994623877908985
order	CAMI_HIGH_S005	9.128505305309641	13645.78926424673	0.642284910261816	0.95	0.3486238532110092	0.5100671140939598	38.0	71.0	2.0	109.0	0.34234234234234234	3.5063887737534083	0.747416065015266	0.3211424551309082
family	CAMI_HIGH_S005	9.128505305309641	13645.78926424673	0.9784822023318377	0.8977272727272727	0.3574660633484163	0.5113268608414239	79.0	142.0	9.0	221.0	0.34347826086956523	4.690769351985119	0.868956645316796	0.4892411011659188
genus	CAMI_HIGH_S005	9.128505305309641	13645.78926424673	1.479322539559933	0.6030927835051546	0.18396226415094338	0.2819277108433734	117.0	519.0	77.0	636.0	0.1640953716690042	5.753699951959723	0.8913281126061253	0.7396612697799658
species	CAMI_HIGH_S005	9.128505305309641	13645.78926424673	1.9646293193268665	0.16872427983539096	0.03723887375113533	0.06101190476190477	41.0	1060.0	202.0	1101.0	0.031465848042977744	6.372401605739541	0.9098265472352721	0.9823146596634319
strain	CAMI_HIGH_S005	9.128505305309641	13645.78926424673	na	0.0	0.0	na	0.0	0.0	1074.0	0.0	0.0	na	na	na
