rank	sample	Weighted UniFrac error	Unweighted UniFrac error	L1 norm error	Completeness (recall)	Purity (precision)	F1 score	True positives	False positives	False negatives	Taxon counts	Jaccard index	Shannon diversity	Shannon equitability	Bray-Curtis distance
superkingdom	CAMI_HIGH_S005	7.49736691449363	10221.035226760914	0.011213770815005526	1.0	0.6666666666666666	0.8	2.0	1.0	0.0	3.0	0.6666666666666666	0.05325181493599936	0.048471890843819525	0.005606885407502762
phylum	CAMI_HIGH_S005	7.49736691449363	10221.035226760914	0.1426457811657276	1.0	0.36363636363636365	0.5333333333333333	12.0	21.0	0.0	33.0	0.36363636363636365	1.3626607708906109	0.3897205273936526	0.0713228905828638
class	CAMI_HIGH_S005	7.49736691449363	10221.035226760914	0.19908077728328674	1.0	0.42	0.5915492957746479	21.0	29.0	0.0	50.0	0.42	2.1410770432913133	0.5473068640753012	0.09954038864164337
order	CAMI_HIGH_S005	7.49736691449363	10221.035226760914	0.38740607097785473	1.0	0.3669724770642202	0.5369127516778524	40.0	69.0	0.0	109.0	0.3669724770642202	2.9177502996725053	0.6219428558527843	0.1937030354889273
family	CAMI_HIGH_S005	7.49736691449363	10221.035226760914	0.7042964062625298	0.9204545454545454	0.36160714285714285	0.5192307692307692	81.0	143.0	7.0	224.0	0.35064935064935066	4.111843241235502	0.7598137797326966	0.3521482031312649
genus	CAMI_HIGH_S005	7.49736691449363	10221.035226760914	1.2889244902996133	0.4381443298969072	0.1512455516014235	0.22486772486772488	85.0	477.0	109.0	562.0	0.12667660208643816	4.852853006705387	0.7664615950142807	0.6444622451498069
species	CAMI_HIGH_S005	7.49736691449363	10221.035226760914	na	0.0	0.0	na	0.0	0.0	243.0	0.0	0.0	na	na	na
strain	CAMI_HIGH_S005	7.49736691449363	10221.035226760914	na	0.0	0.0	na	0.0	0.0	1074.0	0.0	0.0	na	na	na
