rank	sample	Weighted UniFrac error	Unweighted UniFrac error	L1 norm error	Completeness (recall)	Purity (precision)	F1 score	True positives	False positives	False negatives	Taxon counts	Jaccard index	Shannon diversity	Shannon equitability	Bray-Curtis distance
superkingdom	CAMI_HIGH_S005	9.691290141778696	15230.406923404955	0.011189528073653381	1.0	0.6666666666666666	0.8	2.0	1.0	0.0	3.0	0.6666666666666666	0.053239568327448625	0.0484607435003235	0.005594764036826691
phylum	CAMI_HIGH_S005	9.691290141778696	15230.406923404955	0.13925378650463582	1.0	0.41379310344827586	0.5853658536585366	12.0	17.0	0.0	29.0	0.41379310344827586	1.3588530918296315	0.4035443158063988	0.06962689325231793
class	CAMI_HIGH_S005	9.691290141778696	15230.406923404955	0.1971232777574848	1.0	0.45652173913043476	0.626865671641791	21.0	25.0	0.0	46.0	0.45652173913043476	2.1359265194024752	0.5578810596785436	0.0985616388787424
order	CAMI_HIGH_S005	9.691290141778696	15230.406923404955	0.3794903329916699	1.0	0.40816326530612246	0.5797101449275363	40.0	58.0	0.0	98.0	0.40816326530612246	2.9080470817336765	0.6342568612017452	0.18974516649583495
family	CAMI_HIGH_S005	9.691290141778696	15230.406923404955	0.6926521627530572	0.8977272727272727	0.3969849246231156	0.5505226480836236	79.0	120.0	9.0	199.0	0.3798076923076923	4.063994129498803	0.7677612123368178	0.34632608137652854
genus	CAMI_HIGH_S005	9.691290141778696	15230.406923404955	1.2752982212413233	0.4072164948453608	0.17286652078774617	0.2427035330261137	79.0	378.0	115.0	457.0	0.1381118881118881	4.740531260303596	0.774004296671322	0.6376491106206618
species	CAMI_HIGH_S005	9.691290141778696	15230.406923404955	1.9825351034360446	0.012345679012345678	0.004552352048558422	0.006651884700665188	3.0	656.0	240.0	659.0	0.0033370411568409346	4.955703002221996	0.7635054822284669	0.9912675517180228
strain	CAMI_HIGH_S005	9.691290141778696	15230.406923404955	1.9999999999999978	0.0	0.0	na	0.0	1001.0	1074.0	1001.0	0.0	5.213580684105184	0.7546339174918497	1.0
