rank	sample	Weighted UniFrac error	Unweighted UniFrac error	L1 norm error	Completeness (recall)	Purity (precision)	F1 score	True positives	False positives	False negatives	Taxon counts	Jaccard index	Shannon diversity	Shannon equitability	Bray-Curtis distance
superkingdom	CAMI_HIGH_S005	9.384674217526042	10792.428599752122	0.008999591512404726	1.0	1.0	1.0	2.0	0.0	0.0	2.0	1.0	0.09604860574342736	0.13856884719034185	0.004499795756202363
phylum	CAMI_HIGH_S005	9.384674217526042	10792.428599752122	0.2158833272303342	1.0	0.5217391304347826	0.6857142857142856	12.0	11.0	0.0	23.0	0.5217391304347826	1.1644322425087443	0.3533039679601711	0.10794166361516712
class	CAMI_HIGH_S005	9.384674217526042	10792.428599752122	0.31273205958600314	1.0	0.525	0.6885245901639345	21.0	19.0	0.0	40.0	0.525	1.8419204809221021	0.4758007852684784	0.1563660297930016
order	CAMI_HIGH_S005	9.384674217526042	10792.428599752122	0.3426005654471506	1.0	0.449438202247191	0.6201550387596899	40.0	49.0	0.0	89.0	0.449438202247191	2.5705622887058075	0.5534767302168812	0.17130028272357525
family	CAMI_HIGH_S005	9.384674217526042	10792.428599752122	0.4586895674320213	0.9431818181818182	0.44623655913978494	0.6058394160583942	83.0	103.0	5.0	186.0	0.43455497382198954	3.820252101643721	0.7042004238441478	0.22934478371601047
genus	CAMI_HIGH_S005	9.384674217526042	10792.428599752122	1.1405291939295077	0.4381443298969072	0.19813519813519814	0.2728731942215088	85.0	344.0	109.0	429.0	0.1579925650557621	4.739631359716527	0.7438669324741835	0.570264596964754
species	CAMI_HIGH_S005	9.384674217526042	10792.428599752122	1.9760059419981217	0.01646090534979424	0.005201560468140442	0.007905138339920948	4.0	765.0	239.0	769.0	0.003968253968253968	5.390937101337901	0.752103880378619	0.9880029709990626
strain	CAMI_HIGH_S005	9.384674217526042	10792.428599752122	na	0.0	0.0	na	0.0	0.0	1074.0	0.0	0.0	na	na	na
