rank	sample	Weighted UniFrac error	Unweighted UniFrac error	L1 norm error	Completeness (recall)	Purity (precision)	F1 score	True positives	False positives	False negatives	Taxon counts	Jaccard index	Shannon diversity	Shannon equitability	Bray-Curtis distance
superkingdom	CAMI_HIGH_S003	7.5314180044711865	12208.001630677029	0.020410909837346048	1.0	0.6666666666666666	0.8	2.0	1.0	0.0	3.0	0.6666666666666666	0.11503686457565783	0.104711066644923	0.010205454918673024
phylum	CAMI_HIGH_S003	7.5314180044711865	12208.001630677029	0.237077764835316	1.0	0.27906976744186046	0.43636363636363634	12.0	31.0	0.0	43.0	0.27906976744186046	1.2519191969998698	0.3328509939623398	0.11853888241765802
class	CAMI_HIGH_S003	7.5314180044711865	12208.001630677029	0.39945757639287377	1.0	0.3559322033898305	0.525	21.0	38.0	0.0	59.0	0.3559322033898305	1.9681961312401994	0.48269235005600303	0.19972878819643697
order	CAMI_HIGH_S003	7.5314180044711865	12208.001630677029	0.4960904597184548	1.0	0.2857142857142857	0.4444444444444445	40.0	100.0	0.0	140.0	0.2857142857142857	2.381184506907983	0.48186094890505277	0.24804522985922728
family	CAMI_HIGH_S003	7.5314180044711865	12208.001630677029	0.8287321823637336	0.9659090909090909	0.2401129943502825	0.3846153846153846	85.0	269.0	3.0	354.0	0.23809523809523808	3.2561830961730305	0.5547824798037807	0.41436609118186724
genus	CAMI_HIGH_S003	7.5314180044711865	12208.001630677029	1.111317288290578	0.6907216494845361	0.09159261790840738	0.16173808086904043	134.0	1329.0	60.0	1463.0	0.08798424162836507	3.6926241855887603	0.5066548241812403	0.5556586441452869
species	CAMI_HIGH_S003	7.5314180044711865	12208.001630677029	na	0.0	0.0	na	0.0	0.0	243.0	0.0	0.0	na	na	na
strain	CAMI_HIGH_S003	7.5314180044711865	12208.001630677029	na	0.0	0.0	na	0.0	0.0	1074.0	0.0	0.0	na	na	na
