rank	sample	Weighted UniFrac error	Unweighted UniFrac error	L1 norm error	Completeness (recall)	Purity (precision)	F1 score	True positives	False positives	False negatives	Taxon counts	Jaccard index	Shannon diversity	Shannon equitability	Bray-Curtis distance
superkingdom	CAMI_HIGH_S003	9.996836738151817	10238.634818801222	0.029843853241750408	1.0	0.6666666666666666	0.8	2.0	1.0	0.0	3.0	0.6666666666666666	0.138930967156486	0.12646041609903835	0.014921926620875204
phylum	CAMI_HIGH_S003	9.996836738151817	10238.634818801222	0.29305408307381803	0.4166666666666667	0.8333333333333334	0.5555555555555556	5.0	1.0	7.0	6.0	0.38461538461538464	1.0625287031884363	0.5930085602651824	0.14652704153690901
class	CAMI_HIGH_S003	9.996836738151817	10238.634818801222	0.38726502393677253	0.5238095238095238	0.9166666666666666	0.6666666666666667	11.0	1.0	10.0	12.0	0.5	1.852373980249116	0.7454501280388747	0.1936325119683862
order	CAMI_HIGH_S003	9.996836738151817	10238.634818801222	0.5928193396040808	0.525	0.9545454545454546	0.6774193548387099	21.0	1.0	19.0	22.0	0.5121951219512195	2.2708134276776906	0.7346432350712383	0.2964096698020405
family	CAMI_HIGH_S003	9.996836738151817	10238.634818801222	0.9448221626961946	0.4431818181818182	0.975	0.6093749999999999	39.0	1.0	49.0	40.0	0.43820224719101125	3.063903170061534	0.8305782848622467	0.4724110813480975
genus	CAMI_HIGH_S003	9.996836738151817	10238.634818801222	1.2274658173222839	0.26804123711340205	0.7878787878787878	0.4	52.0	14.0	142.0	66.0	0.25	3.4117640108157303	0.8143305882922348	0.6137329086611417
species	CAMI_HIGH_S003	9.996836738151817	10238.634818801222	1.954888303924428	0.07407407407407407	0.08530805687203792	0.07929515418502203	18.0	193.0	225.0	211.0	0.04128440366972477	4.693270434694532	0.8769422353215895	0.9774441519622133
strain	CAMI_HIGH_S003	9.996836738151817	10238.634818801222	1.9999999999999993	0.0	0.0	na	0.0	69.0	1074.0	69.0	0.0	3.4113064731449674	0.80567327946075	1.0
