rank	sample	Weighted UniFrac error	Unweighted UniFrac error	L1 norm error	Completeness (recall)	Purity (precision)	F1 score	True positives	False positives	False negatives	Taxon counts	Jaccard index	Shannon diversity	Shannon equitability	Bray-Curtis distance
superkingdom	CAMI_HIGH_S003	9.595687688944468	9994.862385419956	0.024297310839822898	1.0	1.0	1.0	2.0	0.0	0.0	2.0	1.0	0.12169540162695282	0.17556935242619554	0.012148655419911449
phylum	CAMI_HIGH_S003	9.595687688944468	9994.862385419956	0.13758629227032657	0.8333333333333334	0.43478260869565216	0.5714285714285714	10.0	13.0	2.0	23.0	0.4	1.5346885064680003	0.4894566536501238	0.06879314613516327
class	CAMI_HIGH_S003	9.595687688944468	9994.862385419956	0.18444494151840624	0.9047619047619048	0.59375	0.7169811320754718	19.0	13.0	2.0	32.0	0.5588235294117647	2.2185164327965463	0.6401285311452501	0.09222247075920312
order	CAMI_HIGH_S003	9.595687688944468	9994.862385419956	0.33791760419236333	0.85	0.53125	0.6538461538461537	34.0	30.0	6.0	64.0	0.4857142857142857	2.9010952581231657	0.6975659570067965	0.16895880209618167
family	CAMI_HIGH_S003	9.595687688944468	9994.862385419956	0.5910509055513937	0.7727272727272727	0.5528455284552846	0.6445497630331752	68.0	55.0	20.0	123.0	0.4755244755244755	4.072206973118815	0.8462283803762679	0.2955254527756967
genus	CAMI_HIGH_S003	9.595687688944468	9994.862385419956	1.1653734692092916	0.30927835051546393	0.2575107296137339	0.2810304449648712	60.0	173.0	134.0	233.0	0.16348773841961853	4.75372246113161	0.872076486274289	0.5826867346046456
species	CAMI_HIGH_S003	9.595687688944468	9994.862385419956	2.0000000000000018	0.0	0.0	na	0.0	398.0	243.0	398.0	0.0	5.479480385201838	0.9153135079617979	1.0
strain	CAMI_HIGH_S003	9.595687688944468	9994.862385419956	1.9999999999999978	0.0	0.0	na	0.0	295.0	1074.0	295.0	0.0	5.1765328471489624	0.9102435869320555	1.0
