rank	sample	Weighted UniFrac error	Unweighted UniFrac error	L1 norm error	Completeness (recall)	Purity (precision)	F1 score	True positives	False positives	False negatives	Taxon counts	Jaccard index	Shannon diversity	Shannon equitability	Bray-Curtis distance
superkingdom	CAMI_HIGH_S003	10.470560850703617	10999.254844014682	0.16267146225116647	1.0	1.0	1.0	2.0	0.0	0.0	2.0	1.0	0.31508973643718924	0.45457840019294343	0.08133573112558325
phylum	CAMI_HIGH_S003	10.470560850703617	10999.254844014682	0.557383943815253	0.5	1.0	0.6666666666666666	6.0	0.0	6.0	6.0	0.5	1.0136901835626475	0.565751263476998	0.27869197190762646
class	CAMI_HIGH_S003	10.470560850703617	10999.254844014682	0.8815590172193698	0.7142857142857143	0.8823529411764706	0.7894736842105262	15.0	2.0	6.0	17.0	0.6521739130434783	1.9719125811423213	0.69599862124015	0.44077950860968484
order	CAMI_HIGH_S003	10.470560850703617	10999.254844014682	1.1599597143355114	0.75	0.8571428571428571	0.7999999999999999	30.0	5.0	10.0	35.0	0.6666666666666666	2.599626547112914	0.7311876368087217	0.5799798571677555
family	CAMI_HIGH_S003	10.470560850703617	10999.254844014682	1.2211332018555705	0.6022727272727273	0.9298245614035088	0.7310344827586207	53.0	4.0	35.0	57.0	0.5760869565217391	2.810297941456401	0.6950933231577819	0.6105666009277853
genus	CAMI_HIGH_S003	10.470560850703617	10999.254844014682	1.4598608374750273	0.31958762886597936	0.7948717948717948	0.4558823529411764	62.0	16.0	132.0	78.0	0.29523809523809524	2.92778352746792	0.6720172598021822	0.7299304187375131
species	CAMI_HIGH_S003	10.470560850703617	10999.254844014682	1.9637229321651513	0.0205761316872428	0.1	0.034129692832764506	5.0	45.0	238.0	50.0	0.017361111111111112	2.3765609772209397	0.6075017897193681	0.9818614660825751
strain	CAMI_HIGH_S003	10.470560850703617	10999.254844014682	1.9999999999999991	0.0	0.0	na	0.0	28.0	1074.0	28.0	0.0	1.5524354012346153	0.4658883920522003	1.0
