rank	sample	Weighted UniFrac error	Unweighted UniFrac error	L1 norm error	Completeness (recall)	Purity (precision)	F1 score	True positives	False positives	False negatives	Taxon counts	Jaccard index	Shannon diversity	Shannon equitability	Bray-Curtis distance
superkingdom	CAMI_HIGH_S003	9.21427481388008	15380.018267829339	0.0011108908398228424	1.0	1.0	1.0	2.0	0.0	0.0	2.0	1.0	0.07672248854722641	0.11068715375174383	0.0005554454199114212
phylum	CAMI_HIGH_S003	9.21427481388008	15380.018267829339	0.09439565442555505	0.9166666666666666	0.4782608695652174	0.6285714285714286	11.0	12.0	1.0	23.0	0.4583333333333333	1.2916907133095994	0.41195761317226004	0.04719782721277751
class	CAMI_HIGH_S003	9.21427481388008	15380.018267829339	0.18333913329111343	0.9523809523809523	0.45454545454545453	0.6153846153846153	20.0	24.0	1.0	44.0	0.4444444444444444	2.021758077088269	0.5342644720991112	0.09166956664555678
order	CAMI_HIGH_S003	9.21427481388008	15380.018267829339	0.21359237520270663	0.975	0.4020618556701031	0.5693430656934306	39.0	58.0	1.0	97.0	0.3979591836734694	2.6586800670051134	0.5811689699083243	0.10679618760135334
family	CAMI_HIGH_S003	9.21427481388008	15380.018267829339	0.40056686656421747	0.9318181818181818	0.3867924528301887	0.5466666666666667	82.0	130.0	6.0	212.0	0.3761467889908257	3.9349533339728486	0.7346009439965174	0.20028343328210885
genus	CAMI_HIGH_S003	9.21427481388008	15380.018267829339	1.1070967430948027	0.4381443298969072	0.15070921985815602	0.22427440633245382	85.0	479.0	109.0	564.0	0.1263001485884101	4.836816195048984	0.7635003589598645	0.5535483715474019
species	CAMI_HIGH_S003	9.21427481388008	15380.018267829339	1.970818736995997	0.01646090534979424	0.0029917726252804786	0.005063291139240506	4.0	1333.0	239.0	1337.0	0.0025380710659898475	5.676337960009791	0.7885792157436388	0.9854093684980019
strain	CAMI_HIGH_S003	9.21427481388008	15380.018267829339	na	0.0	0.0	na	0.0	0.0	1074.0	0.0	0.0	na	na	na
