rank	sample	Weighted UniFrac error	Unweighted UniFrac error	L1 norm error	Completeness (recall)	Purity (precision)	F1 score	True positives	False positives	False negatives	Taxon counts	Jaccard index	Shannon diversity	Shannon equitability	Bray-Curtis distance
superkingdom	CAMI_HIGH_S003	8.770138012667282	9723.399883609	0.014833293666206173	1.0	0.6666666666666666	0.8	2.0	1.0	0.0	3.0	0.6666666666666666	0.05556117642066444	0.05057396225562287	0.007416646833103086
phylum	CAMI_HIGH_S003	8.770138012667282	9723.399883609	0.07150974969174476	0.6666666666666666	1.0	0.8	8.0	0.0	4.0	8.0	0.6666666666666666	1.2383958059828106	0.5955424959830307	0.035754874845872385
class	CAMI_HIGH_S003	8.770138012667282	9723.399883609	0.1589489659106634	0.7619047619047619	0.8888888888888888	0.8205128205128205	16.0	2.0	5.0	18.0	0.6956521739130435	2.0982138353505007	0.7259321675900067	0.07947448295533173
order	CAMI_HIGH_S003	8.770138012667282	9723.399883609	0.6799928770657256	0.725	0.7073170731707317	0.7160493827160495	29.0	12.0	11.0	41.0	0.5576923076923077	2.9368800237368227	0.7908504186760598	0.33999643853286293
family	CAMI_HIGH_S003	8.770138012667282	9723.399883609	0.3041773146722982	0.6136363636363636	0.8852459016393442	0.7248322147651006	54.0	7.0	34.0	61.0	0.5684210526315789	3.5570029589986674	0.8652668694114685	0.15208865733614904
genus	CAMI_HIGH_S003	8.770138012667282	9723.399883609	0.48715323096146107	0.5721649484536082	0.9024390243902439	0.7003154574132492	111.0	12.0	83.0	123.0	0.5388349514563107	4.25975968560176	0.8852029288624574	0.24357661548073076
species	CAMI_HIGH_S003	8.770138012667282	9723.399883609	1.8171520794821765	0.32510288065843623	0.246875	0.28063943161634103	79.0	241.0	164.0	320.0	0.16322314049586778	5.569592833039611	0.9655483523023298	0.9085760397410878
strain	CAMI_HIGH_S003	8.770138012667282	9723.399883609	1.9492599492599478	0.025139664804469275	0.084375	0.038737446197991396	27.0	293.0	1047.0	320.0	0.019751280175566936	5.5695928330396125	0.96554835230233	0.9746299746299745
