rank	sample	Weighted UniFrac error	Unweighted UniFrac error	L1 norm error	Completeness (recall)	Purity (precision)	F1 score	True positives	False positives	False negatives	Taxon counts	Jaccard index	Shannon diversity	Shannon equitability	Bray-Curtis distance
superkingdom	CAMI_HIGH_S003	8.77406390925012	59147.97891907318	0.05149580830279636	1.0	0.5	0.6666666666666666	2.0	2.0	0.0	4.0	0.5	0.1564043229090698	0.11282187051725555	0.02574790415139818
phylum	CAMI_HIGH_S003	8.77406390925012	59147.97891907318	0.1819446218061959	0.9166666666666666	0.4583333333333333	0.611111111111111	11.0	13.0	1.0	24.0	0.44	1.2048302595481404	0.3791094562473886	0.09097231090309793
class	CAMI_HIGH_S003	8.77406390925012	59147.97891907318	0.2849926531845156	0.9523809523809523	0.4166666666666667	0.5797101449275361	20.0	28.0	1.0	48.0	0.40816326530612246	2.055556713595158	0.530986819801713	0.14249632659225783
order	CAMI_HIGH_S003	8.77406390925012	59147.97891907318	0.8222619387097896	0.975	0.37142857142857144	0.5379310344827586	39.0	66.0	1.0	105.0	0.36792452830188677	2.9633054197967357	0.636727689288637	0.4111309693548951
family	CAMI_HIGH_S003	8.77406390925012	59147.97891907318	0.4311307650394417	0.9318181818181818	0.4039408866995074	0.563573883161512	82.0	121.0	6.0	203.0	0.3923444976076555	3.6577626634712326	0.6884285453828564	0.21556538251972088
genus	CAMI_HIGH_S003	8.77406390925012	59147.97891907318	0.6349841530401712	0.9381443298969072	0.23037974683544304	0.36991869918699183	182.0	608.0	12.0	790.0	0.22693266832917705	4.617723091827272	0.6921013624443616	0.31749207652008615
species	CAMI_HIGH_S003	8.77406390925012	59147.97891907318	1.7729900753998944	0.6625514403292181	0.02371483281779349	0.045790671217292384	161.0	6628.0	82.0	6789.0	0.023431814874108572	7.362681773838613	0.834481762919492	0.8864950376999442
strain	CAMI_HIGH_S003	8.77406390925012	59147.97891907318	1.9302032394858133	0.05493482309124767	0.008690528796582707	0.015006994785705201	59.0	6730.0	1015.0	6789.0	0.007560225525371604	7.3626817738386015	0.8344817629194907	0.9651016197429009
