rank	sample	Weighted UniFrac error	Unweighted UniFrac error	L1 norm error	Completeness (recall)	Purity (precision)	F1 score	True positives	False positives	False negatives	Taxon counts	Jaccard index	Shannon diversity	Shannon equitability	Bray-Curtis distance
superkingdom	CAMI_HIGH_S003	8.619010791169119	9911.985364701197	0.014990551035248333	1.0	0.5	0.6666666666666666	2.0	2.0	0.0	4.0	0.5	0.05286285808244516	0.038132491601380346	0.007495275517624167
phylum	CAMI_HIGH_S003	8.619010791169119	9911.985364701197	0.07826606002147077	0.9166666666666666	0.9166666666666666	0.9166666666666666	11.0	1.0	1.0	12.0	0.8461538461538461	1.244878319200555	0.5009758894994151	0.03913303001073538
class	CAMI_HIGH_S003	8.619010791169119	9911.985364701197	0.1655497584051737	0.9523809523809523	0.8333333333333334	0.888888888888889	20.0	4.0	1.0	24.0	0.8	2.1044409997923363	0.6621791549584716	0.08277487920258687
order	CAMI_HIGH_S003	8.619010791169119	9911.985364701197	0.6718804984355197	0.925	0.7115384615384616	0.8043478260869567	37.0	15.0	3.0	52.0	0.6727272727272727	2.9638241073519462	0.7500990367701277	0.3359402492177599
family	CAMI_HIGH_S003	8.619010791169119	9911.985364701197	0.28945915131019134	0.8977272727272727	0.8315789473684211	0.8633879781420765	79.0	16.0	9.0	95.0	0.7596153846153846	3.6436697577417636	0.8001247825698536	0.14472957565509564
genus	CAMI_HIGH_S003	8.619010791169119	9911.985364701197	0.44132589411229634	0.8350515463917526	0.801980198019802	0.8181818181818183	162.0	40.0	32.0	202.0	0.6923076923076923	4.413800704057999	0.8314955001645612	0.22066294705614828
species	CAMI_HIGH_S003	8.619010791169119	9911.985364701197	1.7716872184379862	0.6213991769547325	0.15160642570281124	0.2437449556093624	151.0	845.0	92.0	996.0	0.13878676470588236	6.049641602233059	0.8762837596041482	0.8858436092189933
strain	CAMI_HIGH_S003	8.619010791169119	9911.985364701197	1.93018193018193	0.05307262569832402	0.0572289156626506	0.05507246376811594	57.0	939.0	1017.0	996.0	0.028315946348733235	6.04964160223306	0.8762837596041483	0.9650909650909651
