rank	sample	Weighted UniFrac error	Unweighted UniFrac error	L1 norm error	Completeness (recall)	Purity (precision)	F1 score	True positives	False positives	False negatives	Taxon counts	Jaccard index	Shannon diversity	Shannon equitability	Bray-Curtis distance
superkingdom	CAMI_HIGH_S003	10.293718104708628	10407.137426121519	0.30667224168769336	1.0	1.0	1.0	2.0	0.0	0.0	2.0	1.0	0.4519064611639089	0.6519632104668523	0.15333612084384668
phylum	CAMI_HIGH_S003	10.293718104708628	10407.137426121519	0.3720635891836536	0.6666666666666666	0.8	0.7272727272727272	8.0	2.0	4.0	10.0	0.5714285714285714	1.2371371384636531	0.5372818325923437	0.1860317945918268
class	CAMI_HIGH_S003	10.293718104708628	10407.137426121519	0.5743805092220464	0.7619047619047619	0.9411764705882353	0.8421052631578947	16.0	1.0	5.0	17.0	0.7272727272727273	1.9251855079866047	0.6795060146195632	0.2871902546110232
order	CAMI_HIGH_S003	10.293718104708628	10407.137426121519	0.7566569735522137	0.75	0.7317073170731707	0.7407407407407408	30.0	11.0	10.0	41.0	0.5882352941176471	2.30122960209615	0.6196808788844719	0.3783284867761067
family	CAMI_HIGH_S003	10.293718104708628	10407.137426121519	1.0174939536646934	0.6931818181818182	0.6421052631578947	0.6666666666666667	61.0	34.0	27.0	95.0	0.5	3.1326359972213096	0.6879052885683717	0.5087469768323466
genus	CAMI_HIGH_S003	10.293718104708628	10407.137426121519	1.3851055003506472	0.34536082474226804	0.32524271844660196	0.3350000000000001	67.0	139.0	127.0	206.0	0.2012012012012012	3.5092035622255016	0.6586496102860332	0.6925527501753233
species	CAMI_HIGH_S003	10.293718104708628	10407.137426121519	1.98602880999937	0.00823045267489712	0.004629629629629629	0.005925925925925926	2.0	430.0	241.0	432.0	0.0029717682020802376	4.188188159299283	0.690160585871356	0.9930144049996852
strain	CAMI_HIGH_S003	10.293718104708628	10407.137426121519	na	0.0	0.0	na	0.0	0.0	1074.0	0.0	0.0	na	na	na
