rank	sample	Weighted UniFrac error	Unweighted UniFrac error	L1 norm error	Completeness (recall)	Purity (precision)	F1 score	True positives	False positives	False negatives	Taxon counts	Jaccard index	Shannon diversity	Shannon equitability	Bray-Curtis distance
superkingdom	CAMI_HIGH_S003	8.985007642887838	13404.795956126402	0.07756185455998818	1.0	0.6666666666666666	0.8	2.0	1.0	0.0	3.0	0.6666666666666666	0.24195167916168703	0.22023390932119868	0.03878092727999408
phylum	CAMI_HIGH_S003	8.985007642887838	13404.795956126402	0.392636282562407	1.0	0.3333333333333333	0.5	12.0	24.0	0.0	36.0	0.3333333333333333	2.0799884034424827	0.5804318155323063	0.19631814128120353
class	CAMI_HIGH_S003	8.985007642887838	13404.795956126402	0.3863053037435043	1.0	0.39622641509433965	0.5675675675675675	21.0	32.0	0.0	53.0	0.39622641509433965	2.732872979266621	0.688330490243874	0.19315265187175223
order	CAMI_HIGH_S003	8.985007642887838	13404.795956126402	0.6021792860264396	1.0	0.38095238095238093	0.5517241379310345	40.0	65.0	0.0	105.0	0.38095238095238093	3.5403634653478226	0.7607205904167171	0.3010896430132197
family	CAMI_HIGH_S003	8.985007642887838	13404.795956126402	0.9456961715043002	0.9204545454545454	0.37850467289719625	0.5364238410596026	81.0	133.0	7.0	214.0	0.3665158371040724	4.679791015006084	0.8721229841328367	0.47284808575214987
genus	CAMI_HIGH_S003	8.985007642887838	13404.795956126402	1.4722667614537397	0.6134020618556701	0.19349593495934958	0.2941903584672435	119.0	496.0	75.0	615.0	0.17246376811594202	5.736974746451106	0.8933840246587298	0.7361333807268696
species	CAMI_HIGH_S003	8.985007642887838	13404.795956126402	1.9712710611893756	0.1440329218106996	0.03167420814479638	0.05192878338278931	35.0	1070.0	208.0	1105.0	0.026656511805026657	6.377061769919987	0.9100207219605968	0.9856355305946889
strain	CAMI_HIGH_S003	8.985007642887838	13404.795956126402	na	0.0	0.0	na	0.0	0.0	1074.0	0.0	0.0	na	na	na
