rank	sample	Weighted UniFrac error	Unweighted UniFrac error	L1 norm error	Completeness (recall)	Purity (precision)	F1 score	True positives	False positives	False negatives	Taxon counts	Jaccard index	Shannon diversity	Shannon equitability	Bray-Curtis distance
superkingdom	CAMI_HIGH_S003	9.707052713825423	14716.329062189938	0.010921977079152318	1.0	1.0	1.0	2.0	0.0	0.0	2.0	1.0	0.049971638947335924	0.07209383569441533	0.005460988539576159
phylum	CAMI_HIGH_S003	9.707052713825423	14716.329062189938	0.1346548498563615	1.0	0.42857142857142855	0.6	12.0	16.0	0.0	28.0	0.42857142857142855	1.4196547920064306	0.42604071498954504	0.06732742492818075
class	CAMI_HIGH_S003	9.707052713825423	14716.329062189938	0.20383829931515624	1.0	0.4772727272727273	0.6461538461538462	21.0	23.0	0.0	44.0	0.4772727272727273	2.2007511982202956	0.5815647235261763	0.10191914965757812
order	CAMI_HIGH_S003	9.707052713825423	14716.329062189938	0.4009760972963752	1.0	0.40404040404040403	0.5755395683453237	40.0	59.0	0.0	99.0	0.40404040404040403	2.9473667604175793	0.6414123802083751	0.2004880486481875
family	CAMI_HIGH_S003	9.707052713825423	14716.329062189938	0.712693941521841	0.8977272727272727	0.39303482587064675	0.546712802768166	79.0	122.0	9.0	201.0	0.3761904761904762	4.088469602264337	0.770928632832588	0.35634697076092064
genus	CAMI_HIGH_S003	9.707052713825423	14716.329062189938	1.2738504388407406	0.4072164948453608	0.17439293598233996	0.24420401854714063	79.0	374.0	115.0	453.0	0.13908450704225353	4.732993011364556	0.7738843187968661	0.63692521942037
species	CAMI_HIGH_S003	9.707052713825423	14716.329062189938	1.981731758914405	0.012345679012345678	0.0046801872074883	0.006787330316742082	3.0	638.0	240.0	641.0	0.00340522133938706	4.928578100523087	0.7625801697755719	0.9908658794572023
strain	CAMI_HIGH_S003	9.707052713825423	14716.329062189938	2.0	0.0	0.0	na	0.0	949.0	1074.0	949.0	0.0	5.168560438822072	0.753939056102694	1.0
