rank	sample	Weighted UniFrac error	Unweighted UniFrac error	L1 norm error	Completeness (recall)	Purity (precision)	F1 score	True positives	False positives	False negatives	Taxon counts	Jaccard index	Shannon diversity	Shannon equitability	Bray-Curtis distance
superkingdom	CAMI_HIGH_S003	7.519338079820166	10209.038256298994	0.010978586608868744	1.0	1.0	1.0	2.0	0.0	0.0	2.0	1.0	0.049837572662214405	0.0719004189297201	0.005489293304434372
phylum	CAMI_HIGH_S003	7.519338079820166	10209.038256298994	0.1382327774099873	1.0	0.36363636363636365	0.5333333333333333	12.0	21.0	0.0	33.0	0.36363636363636365	1.424881805067021	0.4075157224797784	0.06911638870499363
class	CAMI_HIGH_S003	7.519338079820166	10209.038256298994	0.2066926928246697	1.0	0.42	0.5915492957746479	21.0	29.0	0.0	50.0	0.42	2.207215172452883	0.5642132393879716	0.10334634641233482
order	CAMI_HIGH_S003	7.519338079820166	10209.038256298994	0.41098910516794357	1.0	0.36036036036036034	0.5298013245033113	40.0	71.0	0.0	111.0	0.36036036036036034	2.9638346555024397	0.6293270302580398	0.20549455258397165
family	CAMI_HIGH_S003	7.519338079820166	10209.038256298994	0.7230187294577748	0.9204545454545454	0.3568281938325991	0.5142857142857143	81.0	146.0	7.0	227.0	0.34615384615384615	4.14233075097718	0.7635703071233652	0.3615093647288872
genus	CAMI_HIGH_S003	7.519338079820166	10209.038256298994	1.2958786094775465	0.4381443298969072	0.1512455516014235	0.22486772486772488	85.0	477.0	109.0	562.0	0.12667660208643816	4.852263817559496	0.7663685382388332	0.6479393047387728
species	CAMI_HIGH_S003	7.519338079820166	10209.038256298994	na	0.0	0.0	na	0.0	0.0	243.0	0.0	0.0	na	na	na
strain	CAMI_HIGH_S003	7.519338079820166	10209.038256298994	na	0.0	0.0	na	0.0	0.0	1074.0	0.0	0.0	na	na	na
