rank	sample	Weighted UniFrac error	Unweighted UniFrac error	L1 norm error	Completeness (recall)	Purity (precision)	F1 score	True positives	False positives	False negatives	Taxon counts	Jaccard index	Shannon diversity	Shannon equitability	Bray-Curtis distance
superkingdom	CAMI_HIGH_S003	9.400691509411493	10808.939126443096	0.010812276141317972	1.0	1.0	1.0	2.0	0.0	0.0	2.0	1.0	0.09637693754954207	0.13904252985878968	0.005406138070658986
phylum	CAMI_HIGH_S003	9.400691509411493	10808.939126443096	0.23427651398661614	1.0	0.5217391304347826	0.6857142857142856	12.0	11.0	0.0	23.0	0.5217391304347826	1.1966953541104974	0.36309301787782283	0.11713825699330804
class	CAMI_HIGH_S003	9.400691509411493	10808.939126443096	0.34363770002781036	1.0	0.5384615384615384	0.7000000000000001	21.0	18.0	0.0	39.0	0.5384615384615384	1.8729205729910465	0.4838086598225497	0.1718188500139052
order	CAMI_HIGH_S003	9.400691509411493	10808.939126443096	0.36670579371925155	1.0	0.47058823529411764	0.6399999999999999	40.0	45.0	0.0	85.0	0.47058823529411764	2.5494142308648944	0.5489232681375323	0.18335289685962577
family	CAMI_HIGH_S003	9.400691509411493	10808.939126443096	0.4955349614525288	0.9431818181818182	0.453551912568306	0.6125461254612546	83.0	100.0	5.0	183.0	0.44148936170212766	3.862798983887604	0.7114667674291136	0.24776748072626434
genus	CAMI_HIGH_S003	9.400691509411493	10808.939126443096	1.1832255109717604	0.4329896907216495	0.19489559164733178	0.2688	84.0	347.0	110.0	431.0	0.15526802218114602	4.7607550600715	0.7473828985576683	0.5916127554858802
species	CAMI_HIGH_S003	9.400691509411493	10808.939126443096	1.9716171226682957	0.01646090534979424	0.00517464424320828	0.007874015748031498	4.0	769.0	239.0	773.0	0.003952569169960474	5.3949384889599585	0.7541324887599852	0.9858085613341453
strain	CAMI_HIGH_S003	9.400691509411493	10808.939126443096	na	0.0	0.0	na	0.0	0.0	1074.0	0.0	0.0	na	na	na
