rank	sample	Weighted UniFrac error	Unweighted UniFrac error	L1 norm error	Completeness (recall)	Purity (precision)	F1 score	True positives	False positives	False negatives	Taxon counts	Jaccard index	Shannon diversity	Shannon equitability	Bray-Curtis distance
superkingdom	CAMI_HIGH_S002	7.508542731675692	12161.000744246614	0.010645339632062083	1.0	0.6666666666666666	0.8	2.0	1.0	0.0	3.0	0.6666666666666666	0.07100909116368043	0.06463526022430306	0.005322669816031042
phylum	CAMI_HIGH_S002	7.508542731675692	12161.000744246614	0.22163808063127002	1.0	0.27906976744186046	0.43636363636363634	12.0	31.0	0.0	43.0	0.27906976744186046	1.219618872344679	0.3242632231281271	0.11081904031563497
class	CAMI_HIGH_S002	7.508542731675692	12161.000744246614	0.4049811030033494	1.0	0.3559322033898305	0.525	21.0	38.0	0.0	59.0	0.3559322033898305	1.9799502150078707	0.4855749928102073	0.20249055150167472
order	CAMI_HIGH_S002	7.508542731675692	12161.000744246614	0.49370110109208043	1.0	0.2857142857142857	0.4444444444444445	40.0	100.0	0.0	140.0	0.2857142857142857	2.3803590520029174	0.48169390830711534	0.24685055054604021
family	CAMI_HIGH_S002	7.508542731675692	12161.000744246614	0.8465733466795768	0.9659090909090909	0.24285714285714285	0.3881278538812786	85.0	265.0	3.0	350.0	0.24079320113314448	3.2638411207699107	0.5571659892144518	0.423286673339788
genus	CAMI_HIGH_S002	7.508542731675692	12161.000744246614	1.1171805273968476	0.6907216494845361	0.09184372858122002	0.16212946158499697	134.0	1325.0	60.0	1459.0	0.08821593153390389	3.6709505398075537	0.5038703232724262	0.5585902636984228
species	CAMI_HIGH_S002	7.508542731675692	12161.000744246614	na	0.0	0.0	na	0.0	0.0	243.0	0.0	0.0	na	na	na
strain	CAMI_HIGH_S002	7.508542731675692	12161.000744246614	na	0.0	0.0	na	0.0	0.0	1074.0	0.0	0.0	na	na	na
