rank	sample	Weighted UniFrac error	Unweighted UniFrac error	L1 norm error	Completeness (recall)	Purity (precision)	F1 score	True positives	False positives	False negatives	Taxon counts	Jaccard index	Shannon diversity	Shannon equitability	Bray-Curtis distance
superkingdom	CAMI_HIGH_S002	9.978667581119495	10300.389563044237	0.011602512906968104	1.0	1.0	1.0	2.0	0.0	0.0	2.0	1.0	0.07268609154524552	0.10486386381392693	0.005801256453484052
phylum	CAMI_HIGH_S002	9.978667581119495	10300.389563044237	0.24538320047776793	0.4166666666666667	1.0	0.5882352941176471	5.0	0.0	7.0	5.0	0.4166666666666667	1.023034961176248	0.635647360654639	0.12269160023888397
class	CAMI_HIGH_S002	9.978667581119495	10300.389563044237	0.3723781538764333	0.5238095238095238	1.0	0.6875000000000001	11.0	0.0	10.0	11.0	0.5238095238095238	1.8570422519616296	0.7744467713114261	0.18618907693821665
order	CAMI_HIGH_S002	9.978667581119495	10300.389563044237	0.5871820206888586	0.5	1.0	0.6666666666666666	20.0	0.0	20.0	20.0	0.5	2.2398077941253836	0.7476662096603796	0.2935910103444293
family	CAMI_HIGH_S002	9.978667581119495	10300.389563044237	0.9663728278820771	0.4318181818181818	0.95	0.59375	38.0	2.0	50.0	40.0	0.4222222222222222	3.005211901314409	0.8146679604731776	0.4831864139410383
genus	CAMI_HIGH_S002	9.978667581119495	10300.389563044237	1.2163480238191513	0.26288659793814434	0.7727272727272727	0.39230769230769236	51.0	15.0	143.0	66.0	0.24401913875598086	3.348966448513536	0.7993418681783142	0.6081740119095757
species	CAMI_HIGH_S002	9.978667581119495	10300.389563044237	1.9497053299462346	0.07407407407407407	0.08530805687203792	0.07929515418502203	18.0	193.0	225.0	211.0	0.04128440366972477	4.527022623923527	0.845878667001062	0.9748526649731181
strain	CAMI_HIGH_S002	9.978667581119495	10300.389563044237	1.9999999999999978	0.0	0.0	na	0.0	73.0	1074.0	73.0	0.0	3.3298185729110608	0.776098368621286	1.0
