rank	sample	Weighted UniFrac error	Unweighted UniFrac error	L1 norm error	Completeness (recall)	Purity (precision)	F1 score	True positives	False positives	False negatives	Taxon counts	Jaccard index	Shannon diversity	Shannon equitability	Bray-Curtis distance
superkingdom	CAMI_HIGH_S002	9.658167691457189	10023.859144534998	0.03829863196311952	1.0	1.0	1.0	2.0	0.0	0.0	2.0	1.0	0.12457963335761704	0.17973041924079938	0.01914931598155976
phylum	CAMI_HIGH_S002	9.658167691457189	10023.859144534998	0.14329375339645703	0.8333333333333334	0.47619047619047616	0.6060606060606061	10.0	11.0	2.0	21.0	0.43478260869565216	1.507238722940668	0.4950657299368512	0.07164687669822851
class	CAMI_HIGH_S002	9.658167691457189	10023.859144534998	0.20015896476075615	0.9047619047619048	0.6129032258064516	0.7307692307692307	19.0	12.0	2.0	31.0	0.5757575757575758	2.2356979968196034	0.6510501826854649	0.10007948238037807
order	CAMI_HIGH_S002	9.658167691457189	10023.859144534998	0.38249396794023705	0.85	0.5230769230769231	0.6476190476190476	34.0	31.0	6.0	65.0	0.4788732394366197	2.9217047261609923	0.6999122355588339	0.19124698397011838
family	CAMI_HIGH_S002	9.658167691457189	10023.859144534998	0.623482355049825	0.75	0.5454545454545454	0.631578947368421	66.0	55.0	22.0	121.0	0.46153846153846156	4.089817853040423	0.8527932598715122	0.3117411775249125
genus	CAMI_HIGH_S002	9.658167691457189	10023.859144534998	1.2216682071124942	0.29896907216494845	0.26126126126126126	0.27884615384615385	58.0	164.0	136.0	222.0	0.16201117318435754	4.763483405684158	0.8816894048989816	0.610834103556247
species	CAMI_HIGH_S002	9.658167691457189	10023.859144534998	1.9999999999999993	0.0	0.0	na	0.0	386.0	243.0	386.0	0.0	5.477745191332749	0.9197271267709176	1.0
strain	CAMI_HIGH_S002	9.658167691457189	10023.859144534998	1.9999999999999962	0.0	0.0	na	0.0	295.0	1074.0	295.0	0.0	5.1818228529533155	0.9111737836487436	1.0
