rank	sample	Weighted UniFrac error	Unweighted UniFrac error	L1 norm error	Completeness (recall)	Purity (precision)	F1 score	True positives	False positives	False negatives	Taxon counts	Jaccard index	Shannon diversity	Shannon equitability	Bray-Curtis distance
superkingdom	CAMI_HIGH_S002	9.220528347728164	15393.018133863296	0.0008189440609840282	1.0	1.0	1.0	2.0	0.0	0.0	2.0	1.0	0.04841230399679902	0.06984419089419089	0.0004094720304920141
phylum	CAMI_HIGH_S002	9.220528347728164	15393.018133863296	0.08042507713096268	0.9166666666666666	0.4583333333333333	0.611111111111111	11.0	13.0	1.0	24.0	0.44	1.2579543904761947	0.3958253879980595	0.04021253856548134
class	CAMI_HIGH_S002	9.220528347728164	15393.018133863296	0.19327186796997214	0.9523809523809523	0.4444444444444444	0.6060606060606061	20.0	25.0	1.0	45.0	0.43478260869565216	2.0436910863126196	0.5368721529173259	0.09663593398498606
order	CAMI_HIGH_S002	9.220528347728164	15393.018133863296	0.22249561387328867	0.975	0.4020618556701031	0.5693430656934306	39.0	58.0	1.0	97.0	0.3979591836734694	2.6737015701577183	0.5844525660137813	0.11124780693664435
family	CAMI_HIGH_S002	9.220528347728164	15393.018133863296	0.4249283464574954	0.9318181818181818	0.3867924528301887	0.5466666666666667	82.0	130.0	6.0	212.0	0.3761467889908257	3.9569089438884713	0.7386997503612047	0.21246417322874758
genus	CAMI_HIGH_S002	9.220528347728164	15393.018133863296	1.1207175093580088	0.4381443298969072	0.14938488576449913	0.22280471821756226	85.0	484.0	109.0	569.0	0.12536873156342182	4.828014547935182	0.761050684682409	0.5603587546790046
species	CAMI_HIGH_S002	9.220528347728164	15393.018133863296	1.9694409844772536	0.01646090534979424	0.0029784065524944155	0.005044136191677176	4.0	1339.0	239.0	1343.0	0.0025284450063211127	5.682190521254417	0.7889015415576176	0.9847204922386261
strain	CAMI_HIGH_S002	9.220528347728164	15393.018133863296	na	0.0	0.0	na	0.0	0.0	1074.0	0.0	0.0	na	na	na
