rank	sample	Weighted UniFrac error	Unweighted UniFrac error	L1 norm error	Completeness (recall)	Purity (precision)	F1 score	True positives	False positives	False negatives	Taxon counts	Jaccard index	Shannon diversity	Shannon equitability	Bray-Curtis distance
superkingdom	CAMI_HIGH_S002	8.78508233249871	9788.387720564426	0.016177733727997398	1.0	0.5	0.6666666666666666	2.0	2.0	0.0	4.0	0.5	0.07528220436129765	0.05430463144961681	0.008088866863998697
phylum	CAMI_HIGH_S002	8.78508233249871	9788.387720564426	0.08349418979439871	0.5833333333333334	1.0	0.7368421052631579	7.0	0.0	5.0	7.0	0.5833333333333334	1.177853351122999	0.6052968846967651	0.041747094897199355
class	CAMI_HIGH_S002	8.78508233249871	9788.387720564426	0.1794382473357252	0.7142857142857143	0.8333333333333334	0.7692307692307692	15.0	3.0	6.0	18.0	0.625	2.1030720198760213	0.7276129840843724	0.08971912366786261
order	CAMI_HIGH_S002	8.78508233249871	9788.387720564426	0.7036244286454694	0.7	0.717948717948718	0.708860759493671	28.0	11.0	12.0	39.0	0.5490196078431373	2.9043738426284795	0.7927732963622416	0.3518122143227347
family	CAMI_HIGH_S002	8.78508233249871	9788.387720564426	0.3419073408962954	0.625	0.8461538461538461	0.7189542483660131	55.0	10.0	33.0	65.0	0.5612244897959183	3.5976390578341064	0.861836438554502	0.17095367044814758
genus	CAMI_HIGH_S002	8.78508233249871	9788.387720564426	0.5124548445791445	0.5463917525773195	0.8688524590163934	0.670886075949367	106.0	16.0	88.0	122.0	0.5047619047619047	4.25636048117488	0.8859995494485213	0.25622742228957224
species	CAMI_HIGH_S002	8.78508233249871	9788.387720564426	1.8119682543505113	0.31275720164609055	0.25	0.27787934186471663	76.0	228.0	167.0	304.0	0.1613588110403397	5.4976307411973595	0.9616239466261643	0.9059841271752564
strain	CAMI_HIGH_S002	8.78508233249871	9788.387720564426	1.9495201514395422	0.027001862197392923	0.09539473684210527	0.0420899854862119	29.0	275.0	1045.0	304.0	0.021497405485544848	5.497630741197354	0.9616239466261634	0.9747600757197727
