rank	sample	Weighted UniFrac error	Unweighted UniFrac error	L1 norm error	Completeness (recall)	Purity (precision)	F1 score	True positives	False positives	False negatives	Taxon counts	Jaccard index	Shannon diversity	Shannon equitability	Bray-Curtis distance
superkingdom	CAMI_HIGH_S002	8.78478708197274	54961.96643875519	0.05289426013179015	1.0	0.5	0.6666666666666666	2.0	2.0	0.0	4.0	0.5	0.14606353163830674	0.10536256637465667	0.026447130065895073
phylum	CAMI_HIGH_S002	8.78478708197274	54961.96643875519	0.17570451484063007	0.9166666666666666	0.4782608695652174	0.6285714285714286	11.0	12.0	1.0	23.0	0.4583333333333333	1.1514274479043731	0.3672235917562257	0.08785225742031504
class	CAMI_HIGH_S002	8.78478708197274	54961.96643875519	0.2927312127569963	0.9523809523809523	0.43478260869565216	0.5970149253731344	20.0	26.0	1.0	46.0	0.425531914893617	2.0444306521582574	0.5339833221343273	0.1463656063784982
order	CAMI_HIGH_S002	8.78478708197274	54961.96643875519	0.8163058848001659	0.95	0.3877551020408163	0.5507246376811594	38.0	60.0	2.0	98.0	0.38	2.931577970904904	0.6393890435521531	0.4081529424000829
family	CAMI_HIGH_S002	8.78478708197274	54961.96643875519	0.45216735347410664	0.9318181818181818	0.42487046632124353	0.5836298932384342	82.0	111.0	6.0	193.0	0.4120603015075377	3.668267012082673	0.6970326734825337	0.22608367673705324
genus	CAMI_HIGH_S002	8.78478708197274	54961.96643875519	0.6304313297157281	0.9432989690721649	0.24864130434782608	0.39354838709677414	183.0	553.0	11.0	736.0	0.24497991967871485	4.625347440267847	0.7006796244149867	0.31521566485786384
species	CAMI_HIGH_S002	8.78478708197274	54961.96643875519	1.7724776579005175	0.6666666666666666	0.02571836799491983	0.04952613879547539	162.0	6137.0	81.0	6299.0	0.025391849529780564	7.241092169315821	0.8277287586323859	0.8862388289502627
strain	CAMI_HIGH_S002	8.78478708197274	54961.96643875519	1.932415292489108	0.055865921787709494	0.009525321479599936	0.016275600162756	60.0	6239.0	1014.0	6299.0	0.008204567209079722	7.241092169315843	0.8277287586323885	0.9662076462445592
