rank	sample	Weighted UniFrac error	Unweighted UniFrac error	L1 norm error	Completeness (recall)	Purity (precision)	F1 score	True positives	False positives	False negatives	Taxon counts	Jaccard index	Shannon diversity	Shannon equitability	Bray-Curtis distance
superkingdom	CAMI_HIGH_S002	8.641514738457257	10369.978772519826	0.01578342804274976	1.0	0.5	0.6666666666666666	2.0	2.0	0.0	4.0	0.5	0.07391436486861185	0.05331794382320187	0.00789171402137488
phylum	CAMI_HIGH_S002	8.641514738457257	10369.978772519826	0.08368939480774282	0.8333333333333334	0.9090909090909091	0.8695652173913043	10.0	1.0	2.0	11.0	0.7692307692307693	1.187887137339115	0.4953874136266333	0.041844697403871395
class	CAMI_HIGH_S002	8.641514738457257	10369.978772519826	0.17949484697110152	0.9047619047619048	0.7916666666666666	0.8444444444444444	19.0	5.0	2.0	24.0	0.7307692307692307	2.1136664816851116	0.665082026459476	0.08974742348555079
order	CAMI_HIGH_S002	8.641514738457257	10369.978772519826	0.6969007975115666	0.9	0.6792452830188679	0.7741935483870968	36.0	17.0	4.0	53.0	0.631578947368421	2.9428797482997293	0.7412250314024914	0.3484503987557834
family	CAMI_HIGH_S002	8.641514738457257	10369.978772519826	0.32677912568264383	0.8863636363636364	0.8125	0.8478260869565218	78.0	18.0	10.0	96.0	0.7358490566037735	3.674598971150304	0.8050654369487531	0.16338956284132194
genus	CAMI_HIGH_S002	8.641514738457257	10369.978772519826	0.46750564841731973	0.8195876288659794	0.803030303030303	0.8112244897959184	159.0	39.0	35.0	198.0	0.6824034334763949	4.410440138229124	0.8340048096341833	0.23375282420865967
species	CAMI_HIGH_S002	8.641514738457257	10369.978772519826	1.7671540049707888	0.6255144032921811	0.1450381679389313	0.23547637490317583	152.0	896.0	91.0	1048.0	0.1334503950834065	6.007883577459798	0.8638670812654208	0.8835770024853937
strain	CAMI_HIGH_S002	8.641514738457257	10369.978772519826	1.932264203207388	0.05493482309124767	0.05629770992366412	0.05560791705937794	59.0	989.0	1015.0	1048.0	0.028599127484246242	6.007883577459793	0.8638670812654202	0.9661321016036951
