rank	sample	Weighted UniFrac error	Unweighted UniFrac error	L1 norm error	Completeness (recall)	Purity (precision)	F1 score	True positives	False positives	False negatives	Taxon counts	Jaccard index	Shannon diversity	Shannon equitability	Bray-Curtis distance
superkingdom	CAMI_HIGH_S002	10.490102764019092	11044.8090035269	0.07648063648337428	1.0	1.0	1.0	2.0	0.0	0.0	2.0	1.0	0.18720032902273442	0.27007298633388127	0.03824031824168714
phylum	CAMI_HIGH_S002	10.490102764019092	11044.8090035269	0.491748593003078	0.5	1.0	0.6666666666666666	6.0	0.0	6.0	6.0	0.5	0.9280355038262385	0.5179464765022643	0.245874296501539
class	CAMI_HIGH_S002	10.490102764019092	11044.8090035269	0.8921613933382809	0.7142857142857143	0.8823529411764706	0.7894736842105262	15.0	2.0	6.0	17.0	0.6521739130434783	1.9002556001699833	0.6707068509883026	0.44608069666914046
order	CAMI_HIGH_S002	10.490102764019092	11044.8090035269	1.1355514043745365	0.75	0.8571428571428571	0.7999999999999999	30.0	5.0	10.0	35.0	0.6666666666666666	2.51988271197377	0.7087583742555253	0.5677757021872681
family	CAMI_HIGH_S002	10.490102764019092	11044.8090035269	1.2385580665138156	0.6022727272727273	0.9137931034482759	0.7260273972602739	53.0	5.0	35.0	58.0	0.5698924731182796	2.716985068925863	0.6691351317747555	0.6192790332569078
genus	CAMI_HIGH_S002	10.490102764019092	11044.8090035269	1.4473610209066976	0.31958762886597936	0.775	0.4525547445255474	62.0	18.0	132.0	80.0	0.29245283018867924	2.804076199901605	0.6399039608097429	0.7236805104533489
species	CAMI_HIGH_S002	10.490102764019092	11044.8090035269	1.9605469809489688	0.0205761316872428	0.09259259259259259	0.03367003367003367	5.0	49.0	238.0	54.0	0.017123287671232876	2.292867876523826	0.5747999615337347	0.9802734904744835
strain	CAMI_HIGH_S002	10.490102764019092	11044.8090035269	1.9999999999999978	0.0	0.0	na	0.0	31.0	1074.0	31.0	0.0	1.5083950280892828	0.439254702556597	1.0
