rank	sample	Weighted UniFrac error	Unweighted UniFrac error	L1 norm error	Completeness (recall)	Purity (precision)	F1 score	True positives	False positives	False negatives	Taxon counts	Jaccard index	Shannon diversity	Shannon equitability	Bray-Curtis distance
superkingdom	CAMI_HIGH_S002	10.188374339275654	10712.995697781478	0.1663203380868653	1.0	1.0	1.0	2.0	0.0	0.0	2.0	1.0	0.3051437214554258	0.440229333702146	0.08316016904343265
phylum	CAMI_HIGH_S002	10.188374339275654	10712.995697781478	0.33159431770910186	0.5	0.8571428571428571	0.631578947368421	6.0	1.0	6.0	7.0	0.46153846153846156	1.190474569842163	0.6117829080752296	0.16579715885455093
class	CAMI_HIGH_S002	10.188374339275654	10712.995697781478	0.5479783113084635	0.7142857142857143	0.9375	0.8108108108108109	15.0	1.0	6.0	16.0	0.6818181818181818	1.96926077132545	0.7102606872521005	0.2739891556542317
order	CAMI_HIGH_S002	10.188374339275654	10712.995697781478	0.7323318068393787	0.75	0.75	0.75	30.0	10.0	10.0	40.0	0.6	2.3284195084482047	0.6311996738878224	0.3661659034196895
family	CAMI_HIGH_S002	10.188374339275654	10712.995697781478	1.002345669708302	0.7159090909090909	0.6702127659574468	0.6923076923076923	63.0	31.0	25.0	94.0	0.5294117647058824	3.1575949411868898	0.6950011153820036	0.501172834854151
genus	CAMI_HIGH_S002	10.188374339275654	10712.995697781478	1.345317753206624	0.35051546391752575	0.3300970873786408	0.34	68.0	138.0	126.0	206.0	0.20481927710843373	3.5314965212756735	0.662833821469612	0.672658876603312
species	CAMI_HIGH_S002	10.188374339275654	10712.995697781478	1.991085643640597	0.012345679012345678	0.006802721088435374	0.008771929824561403	3.0	438.0	240.0	441.0	0.004405286343612335	4.211689614147466	0.6916831293411005	0.9955428218202994
strain	CAMI_HIGH_S002	10.188374339275654	10712.995697781478	na	0.0	0.0	na	0.0	0.0	1074.0	0.0	0.0	na	na	na
