rank	sample	Weighted UniFrac error	Unweighted UniFrac error	L1 norm error	Completeness (recall)	Purity (precision)	F1 score	True positives	False positives	False negatives	Taxon counts	Jaccard index	Shannon diversity	Shannon equitability	Bray-Curtis distance
superkingdom	CAMI_HIGH_S002	9.06845880951142	13270.786269471833	0.076339725375939	1.0	0.6666666666666666	0.8	2.0	1.0	0.0	3.0	0.6666666666666666	0.21793825911643594	0.19837595243054393	0.0381698626879695
phylum	CAMI_HIGH_S002	9.06845880951142	13270.786269471833	0.4285146391151187	1.0	0.3157894736842105	0.4799999999999999	12.0	26.0	0.0	38.0	0.3157894736842105	2.0695325301646244	0.5689301749268509	0.21425731955755933
class	CAMI_HIGH_S002	9.06845880951142	13270.786269471833	0.4215431527389723	1.0	0.3620689655172414	0.5316455696202532	21.0	37.0	0.0	58.0	0.3620689655172414	2.76924925533099	0.6820066796007879	0.2107715763694862
order	CAMI_HIGH_S002	9.06845880951142	13270.786269471833	0.6703422326277807	1.0	0.35714285714285715	0.5263157894736842	40.0	72.0	0.0	112.0	0.35714285714285715	3.5902310113413267	0.7608841517759884	0.33517111631389035
family	CAMI_HIGH_S002	9.06845880951142	13270.786269471833	0.9916862239062914	0.9318181818181818	0.3761467889908257	0.5359477124183006	82.0	136.0	6.0	218.0	0.36607142857142855	4.731373395807544	0.8787032656980025	0.49584311195314557
genus	CAMI_HIGH_S002	9.06845880951142	13270.786269471833	1.5150699585917025	0.6134020618556701	0.1907051282051282	0.29095354523227385	119.0	505.0	75.0	624.0	0.17024320457796852	5.766980763080761	0.8960295258828456	0.7575349792958509
species	CAMI_HIGH_S002	9.06845880951142	13270.786269471833	1.9730273478318858	0.1440329218106996	0.03286384976525822	0.053516819571865444	35.0	1030.0	208.0	1065.0	0.02749410840534171	6.37418311057803	0.9144211637980436	0.9865136739159435
strain	CAMI_HIGH_S002	9.06845880951142	13270.786269471833	na	0.0	0.0	na	0.0	0.0	1074.0	0.0	0.0	na	na	na
