rank	sample	Weighted UniFrac error	Unweighted UniFrac error	L1 norm error	Completeness (recall)	Purity (precision)	F1 score	True positives	False positives	False negatives	Taxon counts	Jaccard index	Shannon diversity	Shannon equitability	Bray-Curtis distance
superkingdom	CAMI_HIGH_S002	7.5373857291801905	10163.03629134687	0.005421490902846295	1.0	0.6666666666666666	0.8	2.0	1.0	0.0	3.0	0.6666666666666666	0.03286776157789859	0.029917525879621692	0.002710745451423148
phylum	CAMI_HIGH_S002	7.5373857291801905	10163.03629134687	0.11901569165730123	1.0	0.375	0.5454545454545454	12.0	20.0	0.0	32.0	0.375	1.3842779020504625	0.3994181729000761	0.059507845828650645
class	CAMI_HIGH_S002	7.5373857291801905	10163.03629134687	0.20281688363844527	1.0	0.42857142857142855	0.6	21.0	28.0	0.0	49.0	0.42857142857142855	2.216890934621731	0.5696282882583175	0.10140844181922266
order	CAMI_HIGH_S002	7.5373857291801905	10163.03629134687	0.41241979509567467	1.0	0.37383177570093457	0.5442176870748299	40.0	67.0	0.0	107.0	0.37383177570093457	2.9879418876782244	0.6394289184406425	0.2062098975478374
family	CAMI_HIGH_S002	7.5373857291801905	10163.03629134687	0.7452610372179725	0.9204545454545454	0.3665158371040724	0.524271844660194	81.0	140.0	7.0	221.0	0.35526315789473684	4.1499441150965675	0.768769736030699	0.372630518608986
genus	CAMI_HIGH_S002	7.5373857291801905	10163.03629134687	1.3235303884801948	0.4381443298969072	0.1551094890510949	0.22911051212938005	85.0	463.0	109.0	548.0	0.1293759512937595	4.843519653244497	0.768047608589026	0.6617651942400966
species	CAMI_HIGH_S002	7.5373857291801905	10163.03629134687	na	0.0	0.0	na	0.0	0.0	243.0	0.0	0.0	na	na	na
strain	CAMI_HIGH_S002	7.5373857291801905	10163.03629134687	na	0.0	0.0	na	0.0	0.0	1074.0	0.0	0.0	na	na	na
