rank	sample	Weighted UniFrac error	Unweighted UniFrac error	L1 norm error	Completeness (recall)	Purity (precision)	F1 score	True positives	False positives	False negatives	Taxon counts	Jaccard index	Shannon diversity	Shannon equitability	Bray-Curtis distance
superkingdom	CAMI_HIGH_S002	9.724237860253284	14784.382011122116	0.005274623623724538	1.0	1.0	1.0	2.0	0.0	0.0	2.0	1.0	0.033226627168259956	0.047935890241115144	0.0026373118118622686
phylum	CAMI_HIGH_S002	9.724237860253284	14784.382011122116	0.11575428327728852	1.0	0.42857142857142855	0.6	12.0	16.0	0.0	28.0	0.42857142857142855	1.3796987724834409	0.41404984846230153	0.05787714163864429
class	CAMI_HIGH_S002	9.724237860253284	14784.382011122116	0.2012833100853811	1.0	0.4666666666666667	0.6363636363636364	21.0	24.0	0.0	45.0	0.4666666666666667	2.2125291112436054	0.5812254480635874	0.10064165504269063
order	CAMI_HIGH_S002	9.724237860253284	14784.382011122116	0.40355672496713507	1.0	0.40816326530612246	0.5797101449275363	40.0	58.0	0.0	98.0	0.40816326530612246	2.970454103555164	0.6478680857331747	0.2017783624835676
family	CAMI_HIGH_S002	9.724237860253284	14784.382011122116	0.7360126037148109	0.8977272727272727	0.395	0.5486111111111112	79.0	121.0	9.0	200.0	0.37799043062200954	4.096795670406236	0.7732257973582626	0.3680063018574053
genus	CAMI_HIGH_S002	9.724237860253284	14784.382011122116	1.301666265079358	0.41237113402061853	0.175054704595186	0.24577572964669736	80.0	377.0	114.0	457.0	0.14010507880910683	4.722823234070747	0.7711130408948721	0.6508331325396784
species	CAMI_HIGH_S002	9.724237860253284	14784.382011122116	1.9852590572027649	0.012345679012345678	0.004651162790697674	0.006756756756756757	3.0	642.0	240.0	645.0	0.003389830508474576	4.91913239642054	0.7603867767566911	0.9926295286013834
strain	CAMI_HIGH_S002	9.724237860253284	14784.382011122116	1.999999999999998	0.0	0.0	na	0.0	955.0	1074.0	955.0	0.0	5.172273541175334	0.7537876900564817	1.0
