rank	sample	Weighted UniFrac error	Unweighted UniFrac error	L1 norm error	Completeness (recall)	Purity (precision)	F1 score	True positives	False positives	False negatives	Taxon counts	Jaccard index	Shannon diversity	Shannon equitability	Bray-Curtis distance
superkingdom	CAMI_HIGH_S002	9.41164782312531	10907.82087507199	0.007346881962754047	1.0	1.0	1.0	2.0	0.0	0.0	2.0	1.0	0.06342159170960113	0.09149801584472614	0.003673440981377024
phylum	CAMI_HIGH_S002	9.41164782312531	10907.82087507199	0.2057995916243315	1.0	0.5217391304347826	0.6857142857142856	12.0	11.0	0.0	23.0	0.5217391304347826	1.1759336254799635	0.3567936379404583	0.10289979581216577
class	CAMI_HIGH_S002	9.41164782312531	10907.82087507199	0.34107118105133777	1.0	0.525	0.6885245901639345	21.0	19.0	0.0	40.0	0.525	1.9055631836035036	0.49224082609872083	0.17053559052566886
order	CAMI_HIGH_S002	9.41164782312531	10907.82087507199	0.37618427221239886	1.0	0.449438202247191	0.6201550387596899	40.0	49.0	0.0	89.0	0.449438202247191	2.567426566119883	0.5528015668522935	0.18809213610619938
family	CAMI_HIGH_S002	9.41164782312531	10907.82087507199	0.5175351778045499	0.9431818181818182	0.43915343915343913	0.5992779783393501	83.0	106.0	5.0	189.0	0.42783505154639173	3.897647628238675	0.7184670118026643	0.25876758890227536
genus	CAMI_HIGH_S002	9.41164782312531	10907.82087507199	1.2039294898511022	0.4381443298969072	0.19406392694063926	0.2689873417721519	85.0	353.0	109.0	438.0	0.15539305301645337	4.770662182407212	0.7489382009654166	0.6019647449255486
species	CAMI_HIGH_S002	9.41164782312531	10907.82087507199	1.9690264985081103	0.01646090534979424	0.005141388174807198	0.007835455435847209	4.0	774.0	239.0	778.0	0.003933136676499509	5.399058987696183	0.75405122927699	0.9845132492540483
strain	CAMI_HIGH_S002	9.41164782312531	10907.82087507199	na	0.0	0.0	na	0.0	0.0	1074.0	0.0	0.0	na	na	na
