rank	sample	Weighted UniFrac error	Unweighted UniFrac error	L1 norm error	Completeness (recall)	Purity (precision)	F1 score	True positives	False positives	False negatives	Taxon counts	Jaccard index	Shannon diversity	Shannon equitability	Bray-Curtis distance
superkingdom	CAMI_low_S001	12.534383922723883	954.8594490417427	0.3635051463723373	0.5	0.5	0.5	1.0	1.0	1.0	2.0	0.3333333333333333	0.009552544147190322	0.01378140806902437	0.18175257318616866
phylum	CAMI_low_S001	12.534383922723883	954.8594490417427	0.9765300426484151	0.6666666666666666	0.8	0.7272727272727272	4.0	1.0	2.0	5.0	0.5714285714285714	0.7985070715575242	0.4961403390515816	0.4882650213242076
class	CAMI_low_S001	12.534383922723883	954.8594490417427	1.3535406101178216	0.5833333333333334	0.875	0.7000000000000001	7.0	1.0	5.0	8.0	0.5384615384615384	1.4410551075025206	0.6930010190805329	0.676770305058911
order	CAMI_low_S001	12.534383922723883	954.8594490417427	1.3615178253803688	0.5714285714285714	0.8888888888888888	0.6956521739130435	8.0	1.0	6.0	9.0	0.5333333333333333	1.4605217026829131	0.6647120725609033	0.6807589126901844
family	CAMI_low_S001	12.534383922723883	954.8594490417427	1.4862065383985523	0.4375	0.5	0.4666666666666667	7.0	7.0	9.0	14.0	0.30434782608695654	1.2952589257414637	0.4908036332542637	0.743103269199276
genus	CAMI_low_S001	12.534383922723883	954.8594490417427	1.7444224438906475	0.3181818181818182	0.22580645161290322	0.2641509433962264	7.0	24.0	15.0	31.0	0.15217391304347827	1.6582216571059198	0.4828852172017732	0.8722112219453235
species	CAMI_low_S001	12.534383922723883	954.8594490417427	1.9340932614627726	0.21739130434782608	0.07352941176470588	0.1098901098901099	5.0	63.0	18.0	68.0	0.05813953488372093	2.356702934131985	0.558525567151115	0.9670466307313859
strain	CAMI_low_S001	12.534383922723883	954.8594490417427	2.0	0.0	0.0	na	0.0	29.0	60.0	29.0	0.0	1.722138697349366	0.5114307694659199	1.0
