rank	sample	Weighted UniFrac error	Unweighted UniFrac error	L1 norm error	Completeness (recall)	Purity (precision)	F1 score	True positives	False positives	False negatives	Taxon counts	Jaccard index	Shannon diversity	Shannon equitability	Bray-Curtis distance
superkingdom	CAMI_low_S001	11.59382718995043	1951.2161170661736	0.36350514637233744	0.5	0.5	0.5	1.0	1.0	1.0	2.0	0.3333333333333333	0.1508076260039453	0.21756941416412937	0.18175257318616872
phylum	CAMI_low_S001	11.59382718995043	1951.2161170661736	0.4971366034215845	1.0	0.35294117647058826	0.5217391304347826	6.0	11.0	0.0	17.0	0.35294117647058826	1.7905886509793623	0.6319992296859074	0.24856830171079225
class	CAMI_low_S001	11.59382718995043	1951.2161170661736	0.8951743964828701	1.0	0.5454545454545454	0.7058823529411764	12.0	10.0	0.0	22.0	0.5454545454545454	2.6355884041521875	0.8526535768826815	0.4475871982414351
order	CAMI_low_S001	11.59382718995043	1951.2161170661736	0.9797283967473409	0.8571428571428571	0.2857142857142857	0.42857142857142855	12.0	30.0	2.0	42.0	0.2727272727272727	3.013018125005425	0.8061221115603149	0.4898641983736705
family	CAMI_low_S001	11.59382718995043	1951.2161170661736	1.3438821075091223	0.625	0.14705882352941177	0.2380952380952381	10.0	58.0	6.0	68.0	0.13513513513513514	3.710666067766065	0.8794073448933767	0.6719410537545615
genus	CAMI_low_S001	11.59382718995043	1951.2161170661736	1.7378214495815933	0.13636363636363635	0.027777777777777776	0.04615384615384615	3.0	105.0	19.0	108.0	0.023622047244094488	4.220672310555274	0.9014425495176958	0.8689107247907967
species	CAMI_low_S001	11.59382718995043	1951.2161170661736	1.9654557307693625	0.08695652173913043	0.01282051282051282	0.0223463687150838	2.0	154.0	21.0	156.0	0.011299435028248588	4.574422860332417	0.9058521379154987	0.9827278653846813
strain	CAMI_low_S001	11.59382718995043	1951.2161170661736	2.0000000000000018	0.0	0.0	na	0.0	121.0	60.0	121.0	0.0	4.331664752252103	0.9032222552399051	1.0
