rank	sample	Weighted UniFrac error	Unweighted UniFrac error	L1 norm error	Completeness (recall)	Purity (precision)	F1 score	True positives	False positives	False negatives	Taxon counts	Jaccard index	Shannon diversity	Shannon equitability	Bray-Curtis distance
superkingdom	CAMI_low_S001	8.587752044834104	1056.0698170670937	0.3633196700497119	1.0	1.0	1.0	2.0	0.0	0.0	2.0	1.0	0.0009538754345180249	0.0013761513590049598	0.18165983502485594
phylum	CAMI_low_S001	8.587752044834104	1056.0698170670937	0.3133265003452388	1.0	1.0	1.0	6.0	0.0	0.0	6.0	1.0	1.6511802326618825	0.9215412341999575	0.15666325017261942
class	CAMI_low_S001	8.587752044834104	1056.0698170670937	0.6263626305100938	0.9166666666666666	0.9166666666666666	0.9166666666666666	11.0	1.0	1.0	12.0	0.8461538461538461	2.2347366022967288	0.8993241667599002	0.31318131525504694
order	CAMI_low_S001	8.587752044834104	1056.0698170670937	0.8909092441117882	0.8571428571428571	0.7058823529411765	0.7741935483870968	12.0	5.0	2.0	17.0	0.631578947368421	2.315316704604813	0.817205209576647	0.4454546220558942
family	CAMI_low_S001	8.587752044834104	1056.0698170670937	0.7203809605581393	0.9375	0.6521739130434783	0.7692307692307693	15.0	8.0	1.0	23.0	0.625	2.246878553647855	0.7165947053045452	0.3601904802790697
genus	CAMI_low_S001	8.587752044834104	1056.0698170670937	0.5794254478805039	0.8181818181818182	0.6206896551724138	0.7058823529411765	18.0	11.0	4.0	29.0	0.5454545454545454	2.435185817013453	0.7231873705088854	0.2897127239402518
species	CAMI_low_S001	8.587752044834104	1056.0698170670937	1.579072763890328	0.782608695652174	0.16666666666666666	0.2748091603053435	18.0	90.0	5.0	108.0	0.1592920353982301	2.549124991306181	0.54443689586032	0.789536381945164
strain	CAMI_low_S001	8.587752044834104	1056.0698170670937	1.8407009557942635	0.15	0.08333333333333333	0.10714285714285714	9.0	99.0	51.0	108.0	0.05660377358490566	2.5491249913061833	0.5444368958603204	0.9203504778971324
