rank	sample	Weighted UniFrac error	Unweighted UniFrac error	L1 norm error	Completeness (recall)	Purity (precision)	F1 score	True positives	False positives	False negatives	Taxon counts	Jaccard index	Shannon diversity	Shannon equitability	Bray-Curtis distance
superkingdom	CAMI_low_S001	8.577456213111732	4882.007297651369	0.3634112390715509	1.0	1.0	1.0	2.0	0.0	0.0	2.0	1.0	0.0005149090430881659	0.0007428567229721785	0.18170561953577546
phylum	CAMI_low_S001	8.577456213111732	4882.007297651369	0.3506864442418111	1.0	1.0	1.0	6.0	0.0	0.0	6.0	1.0	1.6333580915187162	0.9115945078400602	0.17534322212090556
class	CAMI_low_S001	8.577456213111732	4882.007297651369	0.6522195830769586	0.9166666666666666	0.6875	0.7857142857142857	11.0	5.0	1.0	16.0	0.6470588235294118	2.236324344034321	0.8065835102393947	0.32610979153847935
order	CAMI_low_S001	8.577456213111732	4882.007297651369	0.9117142500839286	0.8571428571428571	0.36363636363636365	0.5106382978723404	12.0	21.0	2.0	33.0	0.34285714285714286	2.3325803807021153	0.6671172133040665	0.45585712504196424
family	CAMI_low_S001	8.577456213111732	4882.007297651369	0.7463997342347022	1.0	0.23529411764705882	0.38095238095238093	16.0	52.0	0.0	68.0	0.23529411764705882	2.2767818464023373	0.5395847111759955	0.3731998671173511
genus	CAMI_low_S001	8.577456213111732	4882.007297651369	0.6077955332240996	0.9545454545454546	0.17647058823529413	0.2978723404255319	21.0	98.0	1.0	119.0	0.175	2.520416787107489	0.5273805522582403	0.30389776661204987
species	CAMI_low_S001	8.577456213111732	4882.007297651369	1.5790665961736707	0.782608695652174	0.03578528827037773	0.06844106463878326	18.0	485.0	5.0	503.0	0.03543307086614173	2.7868669211159958	0.4480068361538294	0.7895332980868347
strain	CAMI_low_S001	8.577456213111732	4882.007297651369	1.8407009557942693	0.15	0.017892644135188866	0.03197158081705151	9.0	494.0	51.0	503.0	0.016245487364620937	2.7868669211159953	0.44800683615382936	0.9203504778971326
