rank	sample	Weighted UniFrac error	Unweighted UniFrac error	L1 norm error	Completeness (recall)	Purity (precision)	F1 score	True positives	False positives	False negatives	Taxon counts	Jaccard index	Shannon diversity	Shannon equitability	Bray-Curtis distance
superkingdom	CAMI_low_S001	8.597631855996646	646.9864140725209	0.3635051463723374	0.5	1.0	0.6666666666666666	1.0	0.0	1.0	1.0	0.5	0.0	0.0	0.1817525731861687
phylum	CAMI_low_S001	8.597631855996646	646.9864140725209	0.298277534788579	1.0	1.0	1.0	6.0	0.0	0.0	6.0	1.0	1.6576352542729973	0.9251438503557387	0.14913876739428947
class	CAMI_low_S001	8.597631855996646	646.9864140725209	0.616465988212922	0.8333333333333334	0.9090909090909091	0.8695652173913043	10.0	1.0	2.0	11.0	0.7692307692307693	2.226064649868348	0.9283410643995748	0.3082329941064611
order	CAMI_low_S001	8.597631855996646	646.9864140725209	0.8839534801477434	0.7857142857142857	0.7857142857142857	0.7857142857142857	11.0	3.0	3.0	14.0	0.6470588235294118	2.303006851499416	0.8726626836239157	0.4419767400738717
family	CAMI_low_S001	8.597631855996646	646.9864140725209	0.7118935995095318	0.8125	0.8125	0.8125	13.0	3.0	3.0	16.0	0.6842105263157895	2.224112441189395	0.8021789973208466	0.35594679975476595
genus	CAMI_low_S001	8.597631855996646	646.9864140725209	0.5667037199033813	0.7272727272727273	0.8	0.761904761904762	16.0	4.0	6.0	20.0	0.6153846153846154	2.4151182689144908	0.8061862838127761	0.28335185995169065
species	CAMI_low_S001	8.597631855996646	646.9864140725209	1.5806841145448272	0.6521739130434783	0.7142857142857143	0.6818181818181819	15.0	6.0	8.0	21.0	0.5172413793103449	2.4246158532436293	0.7963862651170552	0.7903420572724135
strain	CAMI_low_S001	8.597631855996646	646.9864140725209	1.8415149509102953	0.13333333333333333	0.38095238095238093	0.19753086419753085	8.0	13.0	52.0	21.0	0.1095890410958904	2.4246158532436293	0.7963862651170552	0.9207574754551472
