rank	sample	Weighted UniFrac error	Unweighted UniFrac error	L1 norm error	Completeness (recall)	Purity (precision)	F1 score	True positives	False positives	False negatives	Taxon counts	Jaccard index	Shannon diversity	Shannon equitability	Bray-Curtis distance
superkingdom	CAMI_low_S001	9.591299827997476	3994.6958247107045	0.36350514637233744	0.5	0.5	0.5	1.0	1.0	1.0	2.0	0.3333333333333333	0.01867982249176374	0.026949287273553668	0.18175257318616872
phylum	CAMI_low_S001	9.591299827997476	3994.6958247107045	0.6933063545951292	1.0	0.1935483870967742	0.3243243243243243	6.0	25.0	0.0	31.0	0.1935483870967742	1.7529365853239187	0.510466836636549	0.34665317729756456
class	CAMI_low_S001	9.591299827997476	3994.6958247107045	0.9540063103950945	0.9166666666666666	0.22916666666666666	0.36666666666666664	11.0	37.0	1.0	48.0	0.22448979591836735	2.652955190142497	0.685305460157522	0.4770031551975473
order	CAMI_low_S001	9.591299827997476	3994.6958247107045	1.047997518192419	0.8571428571428571	0.11320754716981132	0.2	12.0	94.0	2.0	106.0	0.1111111111111111	3.25801703562066	0.6986296957826993	0.5239987590962096
family	CAMI_low_S001	9.591299827997476	3994.6958247107045	1.3718924362802083	0.8125	0.06132075471698113	0.11403508771929824	13.0	199.0	3.0	212.0	0.06046511627906977	3.790384385691181	0.7076119362836677	0.6859462181401039
genus	CAMI_low_S001	9.591299827997476	3994.6958247107045	1.8037684332058836	0.36363636363636365	0.01639344262295082	0.03137254901960784	8.0	480.0	14.0	488.0	0.01593625498007968	4.197681874403168	0.6781046843645675	0.9018842166029418
species	CAMI_low_S001	9.591299827997476	3994.6958247107045	na	0.0	0.0	na	0.0	0.0	23.0	0.0	0.0	na	na	na
strain	CAMI_low_S001	9.591299827997476	3994.6958247107045	na	0.0	0.0	na	0.0	0.0	60.0	0.0	0.0	na	na	na
