rank	sample	Weighted UniFrac error	Unweighted UniFrac error	L1 norm error	Completeness (recall)	Purity (precision)	F1 score	True positives	False positives	False negatives	Taxon counts	Jaccard index	Shannon diversity	Shannon equitability	Bray-Curtis distance
superkingdom	CAMI_low_S001	11.802809726350231	9954.849070588547	0.3635051463723373	0.5	0.5	0.5	1.0	1.0	1.0	2.0	0.3333333333333333	0.016548522296469644	0.023874471051157194	0.18175257318616864
phylum	CAMI_low_S001	11.802809726350231	9954.849070588547	0.6891582181119889	1.0	0.20689655172413793	0.34285714285714286	6.0	23.0	0.0	29.0	0.20689655172413793	1.734093109577623	0.5149809215261578	0.34457910905599437
class	CAMI_low_S001	11.802809726350231	9954.849070588547	0.949817887540688	0.9166666666666666	0.2619047619047619	0.4074074074074074	11.0	31.0	1.0	42.0	0.2558139534883721	2.643785461785179	0.7073352467678544	0.4749089437703441
order	CAMI_low_S001	11.802809726350231	9954.849070588547	1.021857826306818	0.8571428571428571	0.1276595744680851	0.2222222222222222	12.0	82.0	2.0	94.0	0.125	3.216749523089704	0.7080213099187223	0.510928913153409
family	CAMI_low_S001	11.802809726350231	9954.849070588547	1.3320855890747043	0.8125	0.07103825136612021	0.13065326633165827	13.0	170.0	3.0	183.0	0.06989247311827956	3.697003164610841	0.709667528839553	0.6660427945373524
genus	CAMI_low_S001	11.802809726350231	9954.849070588547	1.7999367857161186	0.36363636363636365	0.02203856749311295	0.041558441558441565	8.0	355.0	14.0	363.0	0.021220159151193633	4.035304949137811	0.684599451818955	0.8999683928580595
species	CAMI_low_S001	11.802809726350231	9954.849070588547	1.9353858267847346	0.21739130434782608	0.010309278350515464	0.01968503937007874	5.0	480.0	18.0	485.0	0.009940357852882704	4.05278515524486	0.6553505141481935	0.9676929133923667
strain	CAMI_low_S001	11.802809726350231	9954.849070588547	1.9999999999999993	0.0	0.0	na	0.0	684.0	60.0	684.0	0.0	4.531062321337027	0.6941010310598352	1.0
