rank	sample	Weighted UniFrac error	Unweighted UniFrac error	L1 norm error	Completeness (recall)	Purity (precision)	F1 score	True positives	False positives	False negatives	Taxon counts	Jaccard index	Shannon diversity	Shannon equitability	Bray-Curtis distance
superkingdom	CAMI_low_S001	11.443238652415282	6160.687593276242	0.3635051463723372	0.5	0.5	0.5	1.0	1.0	1.0	2.0	0.3333333333333333	0.020965325389330856	0.030246570969811103	0.1817525731861686
phylum	CAMI_low_S001	11.443238652415282	6160.687593276242	0.7869624018612281	1.0	0.2608695652173913	0.41379310344827586	6.0	17.0	0.0	23.0	0.2608695652173913	1.2560844895614363	0.3811124581187892	0.393481200930614
class	CAMI_low_S001	11.443238652415282	6160.687593276242	0.9407287865657924	0.9166666666666666	0.275	0.4230769230769231	11.0	29.0	1.0	40.0	0.2682926829268293	2.06359680608936	0.5330637185397398	0.47036439328289625
order	CAMI_low_S001	11.443238652415282	6160.687593276242	0.9524729605711465	0.8571428571428571	0.1348314606741573	0.23300970873786406	12.0	77.0	2.0	89.0	0.13186813186813187	2.2891554933338467	0.49288605180865636	0.4762364802855732
family	CAMI_low_S001	11.443238652415282	6160.687593276242	1.0465573575342768	0.8125	0.07303370786516854	0.13402061855670103	13.0	165.0	3.0	178.0	0.0718232044198895	2.9515516393925103	0.5449588117294119	0.5232786787671373
genus	CAMI_low_S001	11.443238652415282	6160.687593276242	1.760071105468439	0.2727272727272727	0.01749271137026239	0.03287671232876713	6.0	337.0	16.0	343.0	0.016713091922005572	3.4693601913317127	0.5493528934536116	0.880035552734221
species	CAMI_low_S001	11.443238652415282	6160.687593276242	1.9346309464600264	0.17391304347826086	0.008368200836820083	0.015968063872255488	4.0	474.0	19.0	478.0	0.008048289738430584	3.633660978439992	0.5238583381510297	0.9673154732300082
strain	CAMI_low_S001	11.443238652415282	6160.687593276242	na	0.0	0.0	na	0.0	0.0	60.0	0.0	0.0	na	na	na
