rank	sample	Weighted UniFrac error	Unweighted UniFrac error	L1 norm error	Completeness (recall)	Purity (precision)	F1 score	True positives	False positives	False negatives	Taxon counts	Jaccard index	Shannon diversity	Shannon equitability	Bray-Curtis distance
superkingdom	CAMI_MED_S002	8.737863778860268	9792.210378150316	0.6804974747549671	1.0	1.0	1.0	3.0	0.0	0.0	3.0	1.0	0.08375083722837887	0.07623329730810971	0.34024873737748357
phylum	CAMI_MED_S002	8.737863778860268	9792.210378150316	0.3254117641340496	1.0	0.13953488372093023	0.24489795918367346	6.0	37.0	0.0	43.0	0.13953488372093023	1.142658736044531	0.3038016326961177	0.16270588206702488
class	CAMI_MED_S002	8.737863778860268	9792.210378150316	0.6508158250673844	1.0	0.2542372881355932	0.4054054054054054	15.0	44.0	0.0	59.0	0.2542372881355932	1.7332901624942088	0.4250825863254257	0.3254079125336922
order	CAMI_MED_S002	8.737863778860268	9792.210378150316	0.7157584301700496	1.0	0.20714285714285716	0.3431952662721894	29.0	111.0	0.0	140.0	0.20714285714285716	2.2517217553646875	0.45566262444697997	0.35787921508502446
family	CAMI_MED_S002	8.737863778860268	9792.210378150316	1.0522015761522454	0.9433962264150944	0.14492753623188406	0.25125628140703515	50.0	295.0	3.0	345.0	0.14367816091954022	2.714032101038037	0.4644496400383007	0.5261007880761219
genus	CAMI_MED_S002	8.737863778860268	9792.210378150316	1.2075568802445789	0.7323943661971831	0.03611111111111111	0.06882859033752481	52.0	1388.0	19.0	1440.0	0.03564084989718986	3.0629673654521694	0.4211770588065548	0.6037784401222893
species	CAMI_MED_S002	8.737863778860268	9792.210378150316	na	0.0	0.0	na	0.0	0.0	72.0	0.0	0.0	na	na	na
strain	CAMI_MED_S002	8.737863778860268	9792.210378150316	na	0.0	0.0	na	0.0	0.0	232.0	0.0	0.0	na	na	na
