rank	sample	Weighted UniFrac error	Unweighted UniFrac error	L1 norm error	Completeness (recall)	Purity (precision)	F1 score	True positives	False positives	False negatives	Taxon counts	Jaccard index	Shannon diversity	Shannon equitability	Bray-Curtis distance
superkingdom	CAMI_MED_S002	10.514437565425835	2421.697013075088	0.6457158702283019	0.6666666666666666	1.0	0.8	2.0	0.0	1.0	2.0	0.6666666666666666	0.26409471104154947	0.3810081299446472	0.32285793511415095
phylum	CAMI_MED_S002	10.514437565425835	2421.697013075088	0.40622950150073833	0.6666666666666666	1.0	0.8	4.0	0.0	2.0	4.0	0.6666666666666666	1.1946097045593391	0.8617287482827941	0.20311475075036914
class	CAMI_MED_S002	10.514437565425835	2421.697013075088	0.5426383745542167	0.6	1.0	0.7499999999999999	9.0	0.0	6.0	9.0	0.6	1.7518029407229823	0.7972798769831534	0.27131918727710835
order	CAMI_MED_S002	10.514437565425835	2421.697013075088	0.8260531559416172	0.5862068965517241	1.0	0.7391304347826086	17.0	0.0	12.0	17.0	0.5862068965517241	2.0613430796290264	0.7275636633413108	0.41302657797080855
family	CAMI_MED_S002	10.514437565425835	2421.697013075088	0.9698010165912225	0.49056603773584906	0.9629629629629629	0.65	26.0	1.0	27.0	27.0	0.48148148148148145	2.304270279826914	0.6991457324829521	0.48490050829561115
genus	CAMI_MED_S002	10.514437565425835	2421.697013075088	1.0782099709022475	0.4507042253521127	0.6530612244897959	0.5333333333333333	32.0	17.0	39.0	49.0	0.36363636363636365	2.553315944048043	0.6560724155962722	0.5391049854511238
species	CAMI_MED_S002	10.514437565425835	2421.697013075088	1.767054364180912	0.2916666666666667	0.22105263157894736	0.251497005988024	21.0	74.0	51.0	95.0	0.14383561643835616	2.8356688445921048	0.6226933472493278	0.8835271820904556
strain	CAMI_MED_S002	10.514437565425835	2421.697013075088	2.0000000000000018	0.0	0.0	na	0.0	52.0	232.0	52.0	0.0	2.234266901248438	0.5654591466330968	1.0
