rank	sample	Weighted UniFrac error	Unweighted UniFrac error	L1 norm error	Completeness (recall)	Purity (precision)	F1 score	True positives	False positives	False negatives	Taxon counts	Jaccard index	Shannon diversity	Shannon equitability	Bray-Curtis distance
superkingdom	CAMI_MED_S002	10.30836094004629	3760.793403139499	0.645715870228302	0.6666666666666666	1.0	0.8	2.0	0.0	1.0	2.0	0.6666666666666666	0.18184202751899875	0.26234259132685395	0.322857935114151
phylum	CAMI_MED_S002	10.30836094004629	3760.793403139499	0.33107769192813186	1.0	0.35294117647058826	0.5217391304347826	6.0	11.0	0.0	17.0	0.35294117647058826	1.680775345713934	0.5932399511106441	0.1655388459640659
class	CAMI_MED_S002	10.30836094004629	3760.793403139499	0.4683825952786188	0.9333333333333333	0.56	0.7000000000000001	14.0	11.0	1.0	25.0	0.5384615384615384	2.2208971237396264	0.6899604845211955	0.23419129763930932
order	CAMI_MED_S002	10.30836094004629	3760.793403139499	0.5988464755671501	0.7586206896551724	0.38596491228070173	0.5116279069767441	22.0	35.0	7.0	57.0	0.34375	2.9182460455087478	0.7217929855912399	0.299423237783575
family	CAMI_MED_S002	10.30836094004629	3760.793403139499	0.9102601290396625	0.7358490566037735	0.34513274336283184	0.4698795180722891	39.0	74.0	14.0	113.0	0.30708661417322836	3.9766804361795303	0.8412003814112102	0.45513006451983146
genus	CAMI_MED_S002	10.30836094004629	3760.793403139499	1.2459959916227819	0.39436619718309857	0.16568047337278108	0.23333333333333334	28.0	141.0	43.0	169.0	0.1320754716981132	4.324936443696127	0.8430841784682259	0.6229979958113911
species	CAMI_MED_S002	10.30836094004629	3760.793403139499	1.8397860691965733	0.08333333333333333	0.024489795918367346	0.037854889589905356	6.0	239.0	66.0	245.0	0.01929260450160772	4.6954457910597585	0.8535221600868689	0.9198930345982863
strain	CAMI_MED_S002	10.30836094004629	3760.793403139499	2.000000000000001	0.0	0.0	na	0.0	196.0	232.0	196.0	0.0	4.560171837224588	0.8639774108070255	1.0
