rank	sample	Weighted UniFrac error	Unweighted UniFrac error	L1 norm error	Completeness (recall)	Purity (precision)	F1 score	True positives	False positives	False negatives	Taxon counts	Jaccard index	Shannon diversity	Shannon equitability	Bray-Curtis distance
superkingdom	CAMI_MED_S002	9.589923119623982	11698.561285670403	0.6457158702283021	0.6666666666666666	1.0	0.8	2.0	0.0	1.0	2.0	0.6666666666666666	0.16439929443525417	0.23717804680738575	0.32285793511415106
phylum	CAMI_MED_S002	9.589923119623982	11698.561285670403	0.1312629486237868	1.0	0.2857142857142857	0.4444444444444445	6.0	15.0	0.0	21.0	0.2857142857142857	1.4414159211850464	0.4734456554910076	0.0656314743118934
class	CAMI_MED_S002	9.589923119623982	11698.561285670403	0.22489980925882283	1.0	0.35714285714285715	0.5263157894736842	15.0	27.0	0.0	42.0	0.35714285714285715	2.056118644155101	0.5501071132925419	0.11244990462941142
order	CAMI_MED_S002	9.589923119623982	11698.561285670403	0.300166170236553	1.0	0.30851063829787234	0.47154471544715443	29.0	65.0	0.0	94.0	0.30851063829787234	2.621356831417084	0.5769726502552304	0.1500830851182765
family	CAMI_MED_S002	9.589923119623982	11698.561285670403	0.5632823780503935	0.9433962264150944	0.24752475247524752	0.39215686274509803	50.0	152.0	3.0	202.0	0.24390243902439024	3.6650997484505305	0.6904511899889434	0.28164118902519664
genus	CAMI_MED_S002	9.589923119623982	11698.561285670403	0.941795172606803	0.5070422535211268	0.0703125	0.1234991423670669	36.0	476.0	35.0	512.0	0.06581352833638025	4.29321358716846	0.6881997724094505	0.47089758630340267
species	CAMI_MED_S002	9.589923119623982	11698.561285670403	1.8140119842929596	0.1527777777777778	0.009717314487632508	0.018272425249169433	11.0	1121.0	61.0	1132.0	0.009220452640402346	4.968278379525383	0.7065502265649768	0.9070059921464779
strain	CAMI_MED_S002	9.589923119623982	11698.561285670403	na	0.0	0.0	na	0.0	0.0	232.0	0.0	0.0	na	na	na
