rank	sample	Weighted UniFrac error	Unweighted UniFrac error	L1 norm error	Completeness (recall)	Purity (precision)	F1 score	True positives	False positives	False negatives	Taxon counts	Jaccard index	Shannon diversity	Shannon equitability	Bray-Curtis distance
superkingdom	CAMI_MED_S002	8.986394008516363	25813.278385836584	0.6658230055445682	1.0	0.75	0.8571428571428571	3.0	1.0	0.0	4.0	0.75	0.11440652156587484	0.08252686065422195	0.3329115027722841
phylum	CAMI_MED_S002	8.986394008516363	25813.278385836584	0.2908237247332364	1.0	0.3157894736842105	0.4799999999999999	6.0	13.0	0.0	19.0	0.3157894736842105	1.2894364200873238	0.4379226158907727	0.14541186236661827
class	CAMI_MED_S002	8.986394008516363	25813.278385836584	0.3592990697528588	1.0	0.40540540540540543	0.5769230769230769	15.0	22.0	0.0	37.0	0.40540540540540543	1.955404318124731	0.5415255526240462	0.1796495348764294
order	CAMI_MED_S002	8.986394008516363	25813.278385836584	0.8799140826467446	0.9655172413793104	0.3373493975903614	0.5	28.0	55.0	1.0	83.0	0.3333333333333333	2.7995958263178973	0.6335589071437184	0.4399570413233723
family	CAMI_MED_S002	8.986394008516363	25813.278385836584	0.4291179985490611	0.9811320754716981	0.29714285714285715	0.456140350877193	52.0	123.0	1.0	175.0	0.29545454545454547	3.1829637883820747	0.6162818371279157	0.21455899927453032
genus	CAMI_MED_S002	8.986394008516363	25813.278385836584	0.5388627839130176	0.9577464788732394	0.12408759124087591	0.2197092084006462	68.0	480.0	3.0	548.0	0.12341197822141561	3.6704374114325806	0.5820293666895923	0.269431391956509
species	CAMI_MED_S002	8.986394008516363	25813.278385836584	1.5483310258023155	0.7083333333333334	0.017857142857142856	0.03483606557377049	51.0	2805.0	21.0	2856.0	0.017726798748696558	4.580459785932476	0.5756387723606828	0.7741655129011611
strain	CAMI_MED_S002	8.986394008516363	25813.278385836584	1.90026920215361	0.06465517241379311	0.005252100840336135	0.009715025906735753	15.0	2841.0	217.0	2856.0	0.0048812235600390495	4.580459785932489	0.5756387723606845	0.9501346010768085
