rank	sample	Weighted UniFrac error	Unweighted UniFrac error	L1 norm error	Completeness (recall)	Purity (precision)	F1 score	True positives	False positives	False negatives	Taxon counts	Jaccard index	Shannon diversity	Shannon equitability	Bray-Curtis distance
superkingdom	CAMI_MED_S002	11.366007941073027	2347.86860351212	0.5586114876491786	1.0	1.0	1.0	3.0	0.0	0.0	3.0	1.0	0.5353810306892772	0.48732481532528676	0.27930574382458934
phylum	CAMI_MED_S002	11.366007941073027	2347.86860351212	0.8064486839272295	0.8333333333333334	1.0	0.9090909090909091	5.0	0.0	1.0	5.0	0.8333333333333334	1.0306062420041775	0.6403516619323931	0.40322434196361473
class	CAMI_MED_S002	11.366007941073027	2347.86860351212	0.8344646168268572	0.7333333333333333	1.0	0.846153846153846	11.0	0.0	4.0	11.0	0.7333333333333333	1.5724759421381131	0.655773402606952	0.41723230841342857
order	CAMI_MED_S002	11.366007941073027	2347.86860351212	1.0652342406710695	0.7241379310344828	0.875	0.7924528301886793	21.0	3.0	8.0	24.0	0.65625	2.0195554627833916	0.635469243314322	0.5326171203355348
family	CAMI_MED_S002	11.366007941073027	2347.86860351212	1.1200312338936604	0.6226415094339622	0.9705882352941176	0.7586206896551724	33.0	1.0	20.0	34.0	0.6111111111111112	2.074046674869964	0.5881550285037065	0.5600156169468302
genus	CAMI_MED_S002	11.366007941073027	2347.86860351212	1.1844513267929624	0.43661971830985913	0.7560975609756098	0.5535714285714285	31.0	10.0	40.0	41.0	0.38271604938271603	2.109786116903058	0.568128497039088	0.592225663396481
species	CAMI_MED_S002	11.366007941073027	2347.86860351212	1.7684765835396374	0.3333333333333333	0.6153846153846154	0.43243243243243246	24.0	15.0	48.0	39.0	0.27586206896551724	2.1191586359081613	0.5784421938544251	0.8842382917698184
strain	CAMI_MED_S002	11.366007941073027	2347.86860351212	2.0000000000000013	0.0	0.0	na	0.0	26.0	232.0	26.0	0.0	1.4181030506279628	0.4352550742677265	1.0
