rank	sample	Weighted UniFrac error	Unweighted UniFrac error	L1 norm error	Completeness (recall)	Purity (precision)	F1 score	True positives	False positives	False negatives	Taxon counts	Jaccard index	Shannon diversity	Shannon equitability	Bray-Curtis distance
superkingdom	CAMI_MED_S002	8.956607471113193	2538.242584727461	0.6629649309212127	1.0	1.0	1.0	3.0	0.0	0.0	3.0	1.0	0.11556912140884057	0.10519554769312611	0.33148246546060633
phylum	CAMI_MED_S002	8.956607471113193	2538.242584727461	0.2265263079085097	1.0	1.0	1.0	6.0	0.0	0.0	6.0	1.0	1.3183639079617588	0.7357929066950881	0.11326315395425485
class	CAMI_MED_S002	8.956607471113193	2538.242584727461	0.27186921712374357	1.0	0.9375	0.967741935483871	15.0	1.0	0.0	16.0	0.9375	1.964641706979032	0.7085947119455694	0.1359346085618718
order	CAMI_MED_S002	8.956607471113193	2538.242584727461	0.7839607777900093	0.8620689655172413	0.8064516129032258	0.8333333333333334	25.0	6.0	4.0	31.0	0.7142857142857143	2.732266728303391	0.7956543124956217	0.3919803888950047
family	CAMI_MED_S002	8.956607471113193	2538.242584727461	0.3480016123264874	0.8113207547169812	0.9148936170212766	0.8600000000000001	43.0	4.0	10.0	47.0	0.7543859649122807	3.0210974879565327	0.7846705634388407	0.17400080616324368
genus	CAMI_MED_S002	8.956607471113193	2538.242584727461	0.4238974645972607	0.8028169014084507	0.8028169014084507	0.8028169014084506	57.0	14.0	14.0	71.0	0.6705882352941176	3.319752959757824	0.7787948087863525	0.21194873229863032
species	CAMI_MED_S002	8.956607471113193	2538.242584727461	1.5438632039257498	0.6111111111111112	0.17254901960784313	0.2691131498470948	44.0	211.0	28.0	255.0	0.15547703180212014	3.545386380538859	0.6398155134917871	0.7719316019628748
strain	CAMI_MED_S002	8.956607471113193	2538.242584727461	1.9003192025536209	0.0603448275862069	0.054901960784313725	0.05749486652977412	14.0	241.0	218.0	255.0	0.02959830866807611	3.545386380538861	0.6398155134917874	0.9501596012768103
