rank	sample	Weighted UniFrac error	Unweighted UniFrac error	L1 norm error	Completeness (recall)	Purity (precision)	F1 score	True positives	False positives	False negatives	Taxon counts	Jaccard index	Shannon diversity	Shannon equitability	Bray-Curtis distance
superkingdom	CAMI_MED_S002	8.971566601860438	2355.741975935433	0.6630425681364314	0.6666666666666666	1.0	0.8	2.0	0.0	1.0	2.0	0.6666666666666666	0.1151137663102506	0.16607405979384957	0.3315212840682156
phylum	CAMI_MED_S002	8.971566601860438	2355.741975935433	0.22657270229566812	1.0	1.0	1.0	6.0	0.0	0.0	6.0	1.0	1.3183581140938079	0.7357896730758159	0.11328635114783406
class	CAMI_MED_S002	8.971566601860438	2355.741975935433	0.2718908798800028	1.0	0.9375	0.967741935483871	15.0	1.0	0.0	16.0	0.9375	1.9646047274324914	0.7085813743934672	0.1359454399400014
order	CAMI_MED_S002	8.971566601860438	2355.741975935433	0.7846070019569116	0.8275862068965517	0.8275862068965517	0.8275862068965517	24.0	5.0	5.0	29.0	0.7058823529411765	2.7290560877481265	0.8104592603493019	0.3923035009784557
family	CAMI_MED_S002	8.971566601860438	2355.741975935433	0.34890756139746837	0.7735849056603774	0.9534883720930233	0.8541666666666667	41.0	2.0	12.0	43.0	0.7454545454545455	3.0163828325659447	0.801973503079542	0.17445378069873413
genus	CAMI_MED_S002	8.971566601860438	2355.741975935433	0.43067050689637876	0.6619718309859155	0.8392857142857143	0.7401574803149606	47.0	9.0	24.0	56.0	0.5875	3.2838728156600308	0.8157977409075273	0.21533525344818938
species	CAMI_MED_S002	8.971566601860438	2355.741975935433	1.5481988330198004	0.4722222222222222	0.4857142857142857	0.47887323943661975	34.0	36.0	38.0	70.0	0.3148148148148148	3.4491749111371375	0.8118580143385894	0.7740994165099
strain	CAMI_MED_S002	8.971566601860438	2355.741975935433	1.9015252122016981	0.04741379310344827	0.15714285714285714	0.0728476821192053	11.0	59.0	221.0	70.0	0.037800687285223365	3.4491749111371384	0.8118580143385896	0.9507626061008487
