rank	sample	Weighted UniFrac error	Unweighted UniFrac error	L1 norm error	Completeness (recall)	Purity (precision)	F1 score	True positives	False positives	False negatives	Taxon counts	Jaccard index	Shannon diversity	Shannon equitability	Bray-Curtis distance
superkingdom	CAMI_MED_S002	11.633738386490938	5328.2509536638	0.6457158702283021	0.6666666666666666	1.0	0.8	2.0	0.0	1.0	2.0	0.6666666666666666	0.41226210855218304	0.594768499554662	0.32285793511415106
phylum	CAMI_MED_S002	11.633738386490938	5328.2509536638	0.874887155862523	1.0	1.0	1.0	6.0	0.0	0.0	6.0	1.0	1.0349929320216336	0.5776405537667064	0.43744357793126143
class	CAMI_MED_S002	11.633738386490938	5328.2509536638	0.8815281530920629	0.8666666666666667	1.0	0.9285714285714286	13.0	0.0	2.0	13.0	0.8666666666666667	1.4666450481881812	0.5718027312787498	0.4407640765460314
order	CAMI_MED_S002	11.633738386490938	5328.2509536638	1.0994821791357348	0.8275862068965517	0.7272727272727273	0.7741935483870968	24.0	9.0	5.0	33.0	0.631578947368421	1.8098416415805891	0.5176141077245427	0.5497410895678672
family	CAMI_MED_S002	11.633738386490938	5328.2509536638	1.2010974087998034	0.7547169811320755	0.49382716049382713	0.5970149253731344	40.0	41.0	13.0	81.0	0.425531914893617	1.9188459353624263	0.4366522100550863	0.6005487043999016
genus	CAMI_MED_S002	11.633738386490938	5328.2509536638	1.2751309842166407	0.4788732394366197	0.2073170731707317	0.28936170212765955	34.0	130.0	37.0	164.0	0.1691542288557214	2.101495934515061	0.41206881871446205	0.6375654921083201
species	CAMI_MED_S002	11.633738386490938	5328.2509536638	1.7870406495434203	0.2222222222222222	0.05177993527508091	0.08398950131233596	16.0	293.0	56.0	309.0	0.043835616438356165	2.1968090267829257	0.3831638342609874	0.8935203247717106
strain	CAMI_MED_S002	11.633738386490938	5328.2509536638	na	0.0	0.0	na	0.0	0.0	232.0	0.0	0.0	na	na	na
