rank	sample	Weighted UniFrac error	Unweighted UniFrac error	L1 norm error	Completeness (recall)	Purity (precision)	F1 score	True positives	False positives	False negatives	Taxon counts	Jaccard index	Shannon diversity	Shannon equitability	Bray-Curtis distance
superkingdom	CAMI_MED_S002	9.54246645181975	10364.148115546643	0.6457158702283021	0.6666666666666666	0.6666666666666666	0.6666666666666666	2.0	1.0	1.0	3.0	0.5	0.2500031863161871	0.22756270696669129	0.322857935114151
phylum	CAMI_MED_S002	9.54246645181975	10364.148115546643	0.3717140233983231	1.0	0.16216216216216217	0.27906976744186046	6.0	31.0	0.0	37.0	0.16216216216216217	2.0683460300881	0.5728033924131716	0.1858570116991616
class	CAMI_MED_S002	9.54246645181975	10364.148115546643	0.4327412900315688	1.0	0.30612244897959184	0.46874999999999994	15.0	34.0	0.0	49.0	0.30612244897959184	2.58473012540419	0.6641442634591856	0.21637064501578446
order	CAMI_MED_S002	9.54246645181975	10364.148115546643	0.6461751695101221	0.9310344827586207	0.26732673267326734	0.41538461538461535	27.0	74.0	2.0	101.0	0.2621359223300971	3.2332225649259803	0.7005716433899117	0.32308758475506105
family	CAMI_MED_S002	9.54246645181975	10364.148115546643	1.158249910746542	0.8867924528301887	0.23039215686274508	0.3657587548638132	47.0	157.0	6.0	204.0	0.22380952380952382	4.275942968632353	0.8040328111403663	0.5791249553732714
genus	CAMI_MED_S002	9.54246645181975	10364.148115546643	1.4334047669181118	0.6197183098591549	0.08661417322834646	0.15198618307426598	44.0	464.0	27.0	508.0	0.08224299065420561	5.221668182796248	0.8380842197717616	0.7167023834590558
species	CAMI_MED_S002	9.54246645181975	10364.148115546643	1.7959720429179513	0.2222222222222222	0.017777777777777778	0.03292181069958848	16.0	884.0	56.0	900.0	0.016736401673640166	5.921673731289271	0.8705277975363144	0.8979860214589755
strain	CAMI_MED_S002	9.54246645181975	10364.148115546643	na	0.0	0.0	na	0.0	0.0	232.0	0.0	0.0	na	na	na
