rank	sample	Weighted UniFrac error	Unweighted UniFrac error	L1 norm error	Completeness (recall)	Purity (precision)	F1 score	True positives	False positives	False negatives	Taxon counts	Jaccard index	Shannon diversity	Shannon equitability	Bray-Curtis distance
superkingdom	CAMI_MED_S002	10.09630159532254	11646.474425647542	0.6550906640505122	0.6666666666666666	1.0	0.8	2.0	0.0	1.0	2.0	0.6666666666666666	0.12944586687632667	0.18675091020604942	0.3275453320252561
phylum	CAMI_MED_S002	10.09630159532254	11646.474425647542	0.2534254249013331	1.0	0.2608695652173913	0.41379310344827586	6.0	17.0	0.0	23.0	0.2608695652173913	1.4848645938578908	0.47356636357815024	0.12671271245066654
class	CAMI_MED_S002	10.09630159532254	11646.474425647542	0.37007152213632	1.0	0.36585365853658536	0.5357142857142857	15.0	26.0	0.0	41.0	0.36585365853658536	2.158273361131601	0.5811852637740806	0.18503576106815994
order	CAMI_MED_S002	10.09630159532254	11646.474425647542	0.505666021996761	0.9655172413793104	0.30434782608695654	0.46280991735537186	28.0	64.0	1.0	92.0	0.3010752688172043	2.8477741384001605	0.6297893167439162	0.2528330109983805
family	CAMI_MED_S002	10.09630159532254	11646.474425647542	0.8714602125664572	0.9056603773584906	0.2594594594594595	0.40336134453781514	48.0	137.0	5.0	185.0	0.25263157894736843	3.8619258253144	0.7397821058024253	0.43573010628322834
genus	CAMI_MED_S002	10.09630159532254	11646.474425647542	1.202958369063804	0.4225352112676056	0.07177033492822966	0.1226993865030675	30.0	388.0	41.0	418.0	0.06535947712418301	4.353392802791328	0.7213000075406116	0.6014791845319016
species	CAMI_MED_S002	10.09630159532254	11646.474425647542	1.7950324522916554	0.1527777777777778	0.01903114186851211	0.033846153846153845	11.0	567.0	61.0	578.0	0.017214397496087636	4.425463553861715	0.695874227621099	0.8975162261458287
strain	CAMI_MED_S002	10.09630159532254	11646.474425647542	2.0000000000000004	0.0	0.0	na	0.0	819.0	232.0	819.0	0.0	4.742589265903256	0.7069960970404459	1.0
