rank	sample	Weighted UniFrac error	Unweighted UniFrac error	L1 norm error	Completeness (recall)	Purity (precision)	F1 score	True positives	False positives	False negatives	Taxon counts	Jaccard index	Shannon diversity	Shannon equitability	Bray-Curtis distance
superkingdom	CAMI_MED_S002	8.06271226888992	4503.1565620108495	0.6554289149149453	0.6666666666666666	1.0	0.8	2.0	0.0	1.0	2.0	0.6666666666666666	0.12884844191960523	0.18588900818368412	0.32771445745747263
phylum	CAMI_MED_S002	8.06271226888992	4503.1565620108495	0.263517380398901	1.0	0.18181818181818182	0.3076923076923077	6.0	27.0	0.0	33.0	0.18181818181818182	1.510467443394292	0.43199318658438207	0.13175869019945055
class	CAMI_MED_S002	8.06271226888992	4503.1565620108495	0.37964807466165246	1.0	0.30612244897959184	0.46874999999999994	15.0	34.0	0.0	49.0	0.30612244897959184	2.1848420382279596	0.5613933508925479	0.1898240373308262
order	CAMI_MED_S002	8.06271226888992	4503.1565620108495	0.5158693267455307	0.9655172413793104	0.25925925925925924	0.40875912408759124	28.0	80.0	1.0	108.0	0.25688073394495414	2.9039962433851763	0.620229571217896	0.2579346633727653
family	CAMI_MED_S002	8.06271226888992	4503.1565620108495	0.8971780331553184	0.9056603773584906	0.2191780821917808	0.35294117647058826	48.0	171.0	5.0	219.0	0.21428571428571427	3.972422878916184	0.737125627209168	0.4485890165776592
genus	CAMI_MED_S002	8.06271226888992	4503.1565620108495	1.2422043160476837	0.43661971830985913	0.058161350844277676	0.10264900662251657	31.0	502.0	40.0	533.0	0.05410122164048865	4.601096530126115	0.7328312223984185	0.6211021580238413
species	CAMI_MED_S002	8.06271226888992	4503.1565620108495	na	0.0	0.0	na	0.0	0.0	72.0	0.0	0.0	na	na	na
strain	CAMI_MED_S002	8.06271226888992	4503.1565620108495	na	0.0	0.0	na	0.0	0.0	232.0	0.0	0.0	na	na	na
