rank	sample	Weighted UniFrac error	Unweighted UniFrac error	L1 norm error	Completeness (recall)	Purity (precision)	F1 score	True positives	False positives	False negatives	Taxon counts	Jaccard index	Shannon diversity	Shannon equitability	Bray-Curtis distance
superkingdom	CAMI_MED_S002	10.03156040993196	8054.6746969801425	0.6457158702283021	0.6666666666666666	1.0	0.8	2.0	0.0	1.0	2.0	0.6666666666666666	0.20980370988239336	0.3026827718074357	0.32285793511415106
phylum	CAMI_MED_S002	10.03156040993196	8054.6746969801425	0.15052258855169773	1.0	0.24	0.3870967741935484	6.0	19.0	0.0	25.0	0.24	1.4458343457813987	0.43868504557819327	0.07526129427584886
class	CAMI_MED_S002	10.03156040993196	8054.6746969801425	0.25296331373855646	1.0	0.375	0.5454545454545454	15.0	25.0	0.0	40.0	0.375	1.9594148650747862	0.5061516721952022	0.12648165686927818
order	CAMI_MED_S002	10.03156040993196	8054.6746969801425	0.4412032943772421	1.0	0.32954545454545453	0.4957264957264957	29.0	59.0	0.0	88.0	0.32954545454545453	2.5179397849957716	0.5421463954425699	0.2206016471886208
family	CAMI_MED_S002	10.03156040993196	8054.6746969801425	0.7182002292806982	0.9433962264150944	0.26455026455026454	0.41322314049586784	50.0	139.0	3.0	189.0	0.2604166666666667	3.435630410392778	0.6338175864290178	0.35910011464034947
genus	CAMI_MED_S002	10.03156040993196	8054.6746969801425	0.9817846641936667	0.5070422535211268	0.0851063829787234	0.145748987854251	36.0	387.0	35.0	423.0	0.07860262008733625	3.97020381617389	0.6231082356183927	0.49089233209683497
species	CAMI_MED_S002	10.03156040993196	8054.6746969801425	1.808751645413008	0.1388888888888889	0.014534883720930232	0.026315789473684213	10.0	678.0	62.0	688.0	0.013333333333333334	4.351606925368916	0.6086234322863824	0.90437582270651
strain	CAMI_MED_S002	10.03156040993196	8054.6746969801425	na	0.0	0.0	na	0.0	0.0	232.0	0.0	0.0	na	na	na
